-- phpMyAdmin SQL Dump
-- version 5.2.1
-- https://www.phpmyadmin.net/
--
-- Host: 127.0.0.1
-- Generation Time: Sep 06, 2025 at 03:54 PM
-- Server version: 8.0.43
-- PHP Version: 8.2.12

SET SQL_MODE = "NO_AUTO_VALUE_ON_ZERO";
START TRANSACTION;
SET time_zone = "+00:00";


/*!40101 SET @OLD_CHARACTER_SET_CLIENT=@@CHARACTER_SET_CLIENT */;
/*!40101 SET @OLD_CHARACTER_SET_RESULTS=@@CHARACTER_SET_RESULTS */;
/*!40101 SET @OLD_COLLATION_CONNECTION=@@COLLATION_CONNECTION */;
/*!40101 SET NAMES utf8mb4 */;

--
-- Database: `phoenix`
--

-- --------------------------------------------------------

--
-- Table structure for table `adjudication`
--

CREATE TABLE `adjudication` (
  `id` int NOT NULL,
  `case_event_id` int NOT NULL,
  `adjudicator_id` int NOT NULL,
  `framework` enum('WHO-UMC','Naranjo') NOT NULL,
  `responses` json DEFAULT NULL,
  `auto_score` int DEFAULT NULL,
  `causality` enum('Definite','Probable','Possible','Unrelated','Unable') NOT NULL,
  `severity` enum('Mild','Moderate','Severe') NOT NULL,
  `expectedness` enum('Expected','Unexpected','Not_Assessable') NOT NULL,
  `index_attribution` enum('Yes','No','Indeterminate') NOT NULL,
  `suspected_concomitants` json DEFAULT NULL,
  `rationale` text,
  `missing_info` json DEFAULT NULL,
  `submitted_at` timestamp NULL DEFAULT CURRENT_TIMESTAMP
) ENGINE=InnoDB DEFAULT CHARSET=utf8mb4 COLLATE=utf8mb4_0900_ai_ci;

--
-- Dumping data for table `adjudication`
--

INSERT INTO `adjudication` (`id`, `case_event_id`, `adjudicator_id`, `framework`, `responses`, `auto_score`, `causality`, `severity`, `expectedness`, `index_attribution`, `suspected_concomitants`, `rationale`, `missing_info`, `submitted_at`) VALUES
(1, 153, 7, 'WHO-UMC', NULL, NULL, 'Definite', 'Mild', 'Expected', 'Yes', '[]', '', '[]', '2025-09-06 12:18:10'),
(2, 131, 7, 'WHO-UMC', NULL, NULL, 'Definite', 'Mild', 'Expected', 'Yes', '[]', '', '[]', '2025-09-06 12:18:42'),
(3, 101, 7, 'WHO-UMC', NULL, NULL, 'Definite', 'Mild', 'Expected', 'Yes', '[]', '', '[]', '2025-09-06 13:22:39'),
(4, 112, 7, 'WHO-UMC', NULL, NULL, 'Definite', 'Mild', 'Expected', 'Yes', '[]', '', '[]', '2025-09-06 13:32:05'),
(7, 130, 7, 'WHO-UMC', NULL, NULL, 'Definite', 'Mild', 'Expected', 'Yes', '[]', '', '[]', '2025-09-06 13:32:30'),
(8, 104, 7, 'WHO-UMC', NULL, NULL, 'Definite', 'Mild', 'Expected', 'Yes', '[21, 25]', '', '[]', '2025-09-06 13:36:58'),
(10, 111, 7, 'WHO-UMC', NULL, NULL, 'Definite', 'Mild', 'Expected', 'Yes', '[25]', '', '[]', '2025-09-06 13:42:52');

-- --------------------------------------------------------

--
-- Table structure for table `adjudication_drug`
--

CREATE TABLE `adjudication_drug` (
  `adjudication_id` int NOT NULL,
  `drug_id` int NOT NULL,
  `role` enum('index','concomitant') NOT NULL,
  `attribution` enum('Yes','No','Indeterminate') NOT NULL DEFAULT 'Yes',
  `created_at` timestamp NOT NULL DEFAULT CURRENT_TIMESTAMP
) ENGINE=InnoDB DEFAULT CHARSET=utf8mb4 COLLATE=utf8mb4_0900_ai_ci;

--
-- Dumping data for table `adjudication_drug`
--

INSERT INTO `adjudication_drug` (`adjudication_id`, `drug_id`, `role`, `attribution`, `created_at`) VALUES
(3, 51, 'index', 'Yes', '2025-09-06 13:22:39'),
(4, 51, 'index', 'Yes', '2025-09-06 13:30:45'),
(8, 21, 'concomitant', 'Yes', '2025-09-06 13:36:58'),
(8, 25, 'concomitant', 'Yes', '2025-09-06 13:36:58'),
(8, 51, 'index', 'Yes', '2025-09-06 13:33:51'),
(10, 25, 'concomitant', 'Yes', '2025-09-06 13:42:52'),
(10, 51, 'index', 'Yes', '2025-09-06 13:42:52');

-- --------------------------------------------------------

--
-- Table structure for table `audit_log`
--

CREATE TABLE `audit_log` (
  `id` bigint NOT NULL,
  `entity_type` varchar(64) NOT NULL,
  `entity_id` bigint NOT NULL,
  `field` varchar(128) NOT NULL,
  `old_value` text,
  `new_value` text,
  `user_id` int DEFAULT NULL,
  `created_at` timestamp NULL DEFAULT CURRENT_TIMESTAMP
) ENGINE=InnoDB DEFAULT CHARSET=utf8mb4 COLLATE=utf8mb4_0900_ai_ci;

-- --------------------------------------------------------

--
-- Table structure for table `case_event`
--

CREATE TABLE `case_event` (
  `id` int NOT NULL,
  `patient_id` int NOT NULL,
  `dict_event_id` int NOT NULL,
  `onset_datetime` datetime DEFAULT NULL,
  `status` enum('open','info_requested','submitted','consensus','closed') NOT NULL DEFAULT 'open',
  `phenotype_override` varchar(512) DEFAULT NULL,
  `is_lab_primary` tinyint(1) DEFAULT NULL,
  `notes` text,
  `created_by` int DEFAULT NULL,
  `created_at` timestamp NULL DEFAULT CURRENT_TIMESTAMP
) ENGINE=InnoDB DEFAULT CHARSET=utf8mb4 COLLATE=utf8mb4_0900_ai_ci;

--
-- Dumping data for table `case_event`
--

INSERT INTO `case_event` (`id`, `patient_id`, `dict_event_id`, `onset_datetime`, `status`, `phenotype_override`, `is_lab_primary`, `notes`, `created_by`, `created_at`) VALUES
(1, 1, 9, NULL, 'open', NULL, NULL, NULL, 7, '2025-09-06 11:03:37'),
(2, 1, 10, NULL, 'open', NULL, NULL, NULL, 7, '2025-09-06 11:03:37'),
(3, 1, 11, NULL, 'open', NULL, NULL, NULL, 7, '2025-09-06 11:03:37'),
(4, 1, 12, NULL, 'open', NULL, NULL, NULL, 7, '2025-09-06 11:03:37'),
(5, 1, 13, NULL, 'open', NULL, NULL, NULL, 7, '2025-09-06 11:03:37'),
(6, 1, 16, NULL, 'open', NULL, NULL, NULL, 7, '2025-09-06 11:03:37'),
(7, 1, 54, NULL, 'open', NULL, NULL, NULL, 7, '2025-09-06 11:03:37'),
(8, 1, 55, NULL, 'open', NULL, NULL, NULL, 7, '2025-09-06 11:03:37'),
(9, 1, 61, NULL, 'open', NULL, NULL, NULL, 7, '2025-09-06 11:03:37'),
(10, 1, 63, NULL, 'open', NULL, NULL, NULL, 7, '2025-09-06 11:03:37'),
(11, 1, 68, NULL, 'open', NULL, NULL, NULL, 7, '2025-09-06 11:03:37'),
(12, 1, 73, NULL, 'open', NULL, NULL, NULL, 7, '2025-09-06 11:03:37'),
(16, 2, 4, NULL, 'open', NULL, NULL, NULL, 7, '2025-09-06 11:03:43'),
(17, 2, 5, NULL, 'open', NULL, NULL, NULL, 7, '2025-09-06 11:03:43'),
(18, 2, 6, NULL, 'open', NULL, NULL, NULL, 7, '2025-09-06 11:03:43'),
(19, 2, 7, NULL, 'open', NULL, NULL, NULL, 7, '2025-09-06 11:03:43'),
(20, 2, 8, NULL, 'open', NULL, NULL, NULL, 7, '2025-09-06 11:03:43'),
(21, 2, 9, NULL, 'open', NULL, NULL, NULL, 7, '2025-09-06 11:03:43'),
(22, 2, 10, NULL, 'open', NULL, NULL, NULL, 7, '2025-09-06 11:03:43'),
(23, 2, 11, NULL, 'open', NULL, NULL, NULL, 7, '2025-09-06 11:03:43'),
(24, 2, 12, NULL, 'open', NULL, NULL, NULL, 7, '2025-09-06 11:03:43'),
(25, 2, 13, NULL, 'open', NULL, NULL, NULL, 7, '2025-09-06 11:03:43'),
(26, 2, 14, NULL, 'open', NULL, NULL, NULL, 7, '2025-09-06 11:03:43'),
(27, 2, 16, NULL, 'open', NULL, NULL, NULL, 7, '2025-09-06 11:03:43'),
(28, 2, 20, NULL, 'open', NULL, NULL, NULL, 7, '2025-09-06 11:03:43'),
(29, 2, 21, NULL, 'open', NULL, NULL, NULL, 7, '2025-09-06 11:03:43'),
(30, 2, 22, NULL, 'open', NULL, NULL, NULL, 7, '2025-09-06 11:03:43'),
(31, 2, 23, NULL, 'open', NULL, NULL, NULL, 7, '2025-09-06 11:03:43'),
(32, 2, 24, NULL, 'open', NULL, NULL, NULL, 7, '2025-09-06 11:03:43'),
(33, 2, 36, NULL, 'open', NULL, NULL, NULL, 7, '2025-09-06 11:03:43'),
(34, 2, 37, NULL, 'open', NULL, NULL, NULL, 7, '2025-09-06 11:03:43'),
(35, 2, 38, NULL, 'open', NULL, NULL, NULL, 7, '2025-09-06 11:03:43'),
(36, 2, 39, NULL, 'open', NULL, NULL, NULL, 7, '2025-09-06 11:03:43'),
(37, 2, 40, NULL, 'open', NULL, NULL, NULL, 7, '2025-09-06 11:03:43'),
(38, 2, 41, NULL, 'open', NULL, NULL, NULL, 7, '2025-09-06 11:03:43'),
(39, 2, 42, NULL, 'open', NULL, NULL, NULL, 7, '2025-09-06 11:03:43'),
(40, 2, 43, NULL, 'open', NULL, NULL, NULL, 7, '2025-09-06 11:03:43'),
(41, 2, 44, NULL, 'open', NULL, NULL, NULL, 7, '2025-09-06 11:03:43'),
(42, 2, 45, NULL, 'open', NULL, NULL, NULL, 7, '2025-09-06 11:03:43'),
(43, 2, 46, NULL, 'open', NULL, NULL, NULL, 7, '2025-09-06 11:03:43'),
(44, 2, 47, NULL, 'open', NULL, NULL, NULL, 7, '2025-09-06 11:03:43'),
(45, 2, 48, NULL, 'open', NULL, NULL, NULL, 7, '2025-09-06 11:03:43'),
(46, 2, 49, NULL, 'open', NULL, NULL, NULL, 7, '2025-09-06 11:03:43'),
(47, 2, 50, NULL, 'open', NULL, NULL, NULL, 7, '2025-09-06 11:03:43'),
(48, 2, 51, NULL, 'open', NULL, NULL, NULL, 7, '2025-09-06 11:03:43'),
(49, 2, 52, NULL, 'open', NULL, NULL, NULL, 7, '2025-09-06 11:03:43'),
(50, 2, 53, NULL, 'open', NULL, NULL, NULL, 7, '2025-09-06 11:03:43'),
(51, 2, 54, NULL, 'open', NULL, NULL, NULL, 7, '2025-09-06 11:03:43'),
(52, 2, 55, NULL, 'open', NULL, NULL, NULL, 7, '2025-09-06 11:03:43'),
(53, 2, 56, NULL, 'open', NULL, NULL, NULL, 7, '2025-09-06 11:03:43'),
(54, 2, 57, NULL, 'open', NULL, NULL, NULL, 7, '2025-09-06 11:03:43'),
(55, 2, 58, NULL, 'open', NULL, NULL, NULL, 7, '2025-09-06 11:03:43'),
(56, 2, 59, NULL, 'open', NULL, NULL, NULL, 7, '2025-09-06 11:03:43'),
(57, 2, 60, NULL, 'open', NULL, NULL, NULL, 7, '2025-09-06 11:03:43'),
(58, 2, 61, NULL, 'open', NULL, NULL, NULL, 7, '2025-09-06 11:03:43'),
(59, 2, 62, NULL, 'open', NULL, NULL, NULL, 7, '2025-09-06 11:03:43'),
(79, 3, 1, NULL, 'open', NULL, NULL, NULL, 7, '2025-09-06 11:03:51'),
(80, 3, 29, NULL, 'open', NULL, NULL, NULL, 7, '2025-09-06 11:03:51'),
(81, 3, 30, NULL, 'open', NULL, NULL, NULL, 7, '2025-09-06 11:03:51'),
(82, 3, 31, NULL, 'open', NULL, NULL, NULL, 7, '2025-09-06 11:03:51'),
(83, 3, 32, NULL, 'open', NULL, NULL, NULL, 7, '2025-09-06 11:03:51'),
(84, 3, 33, NULL, 'open', NULL, NULL, NULL, 7, '2025-09-06 11:03:51'),
(85, 3, 34, NULL, 'open', NULL, NULL, NULL, 7, '2025-09-06 11:03:51'),
(86, 3, 35, NULL, 'open', NULL, NULL, NULL, 7, '2025-09-06 11:03:51'),
(94, 4, 1, NULL, 'open', NULL, NULL, NULL, 7, '2025-09-06 11:03:57'),
(95, 4, 4, NULL, 'open', NULL, NULL, NULL, 7, '2025-09-06 11:03:57'),
(96, 4, 5, NULL, 'open', NULL, NULL, NULL, 7, '2025-09-06 11:03:57'),
(97, 4, 6, NULL, 'open', NULL, NULL, NULL, 7, '2025-09-06 11:03:57'),
(98, 4, 7, NULL, 'open', NULL, NULL, NULL, 7, '2025-09-06 11:03:57'),
(99, 4, 8, NULL, 'open', NULL, NULL, NULL, 7, '2025-09-06 11:03:57'),
(100, 4, 20, NULL, 'open', NULL, NULL, NULL, 7, '2025-09-06 11:03:57'),
(101, 4, 21, NULL, 'open', NULL, NULL, NULL, 7, '2025-09-06 11:03:57'),
(102, 4, 22, NULL, 'open', NULL, NULL, NULL, 7, '2025-09-06 11:03:57'),
(103, 4, 23, NULL, 'open', NULL, NULL, NULL, 7, '2025-09-06 11:03:57'),
(104, 4, 37, NULL, 'open', NULL, NULL, NULL, 7, '2025-09-06 11:03:57'),
(105, 4, 40, NULL, 'open', NULL, NULL, NULL, 7, '2025-09-06 11:03:57'),
(106, 4, 49, NULL, 'open', NULL, NULL, NULL, 7, '2025-09-06 11:03:57'),
(107, 4, 53, NULL, 'open', NULL, NULL, NULL, 7, '2025-09-06 11:03:57'),
(108, 4, 54, NULL, 'open', NULL, NULL, NULL, 7, '2025-09-06 11:03:57'),
(109, 4, 55, NULL, 'open', NULL, NULL, NULL, 7, '2025-09-06 11:03:57'),
(110, 4, 61, NULL, 'open', NULL, NULL, NULL, 7, '2025-09-06 11:03:57'),
(111, 4, 62, NULL, 'open', NULL, NULL, NULL, 7, '2025-09-06 11:03:57'),
(112, 4, 67, NULL, 'open', NULL, NULL, NULL, 7, '2025-09-06 11:03:57'),
(113, 4, 69, NULL, 'open', NULL, NULL, NULL, 7, '2025-09-06 11:03:57'),
(114, 4, 88, NULL, 'open', NULL, NULL, NULL, 7, '2025-09-06 11:03:57'),
(115, 4, 91, NULL, 'open', NULL, NULL, NULL, 7, '2025-09-06 11:03:57'),
(116, 4, 92, NULL, 'open', NULL, NULL, NULL, 7, '2025-09-06 11:03:57'),
(125, 4, 29, NULL, 'open', NULL, NULL, NULL, 7, '2025-09-06 12:17:42'),
(126, 4, 30, NULL, 'open', NULL, NULL, NULL, 7, '2025-09-06 12:17:42'),
(127, 4, 31, NULL, 'open', NULL, NULL, NULL, 7, '2025-09-06 12:17:42'),
(128, 4, 32, NULL, 'open', NULL, NULL, NULL, 7, '2025-09-06 12:17:42'),
(129, 4, 33, NULL, 'open', NULL, NULL, NULL, 7, '2025-09-06 12:17:42'),
(130, 4, 34, NULL, 'open', NULL, NULL, NULL, 7, '2025-09-06 12:17:42'),
(131, 4, 35, NULL, 'open', NULL, NULL, NULL, 7, '2025-09-06 12:17:42'),
(132, 4, 14, NULL, 'open', NULL, NULL, NULL, 7, '2025-09-06 12:17:42'),
(133, 4, 18, NULL, 'open', NULL, NULL, NULL, 7, '2025-09-06 12:17:42'),
(134, 4, 19, NULL, 'open', NULL, NULL, NULL, 7, '2025-09-06 12:17:42'),
(135, 4, 24, NULL, 'open', NULL, NULL, NULL, 7, '2025-09-06 12:17:42'),
(136, 4, 25, NULL, 'open', NULL, NULL, NULL, 7, '2025-09-06 12:17:42'),
(137, 4, 26, NULL, 'open', NULL, NULL, NULL, 7, '2025-09-06 12:17:42'),
(138, 4, 38, NULL, 'open', NULL, NULL, NULL, 7, '2025-09-06 12:17:42'),
(139, 4, 39, NULL, 'open', NULL, NULL, NULL, 7, '2025-09-06 12:17:42'),
(140, 4, 41, NULL, 'open', NULL, NULL, NULL, 7, '2025-09-06 12:17:42'),
(141, 4, 42, NULL, 'open', NULL, NULL, NULL, 7, '2025-09-06 12:17:42'),
(142, 4, 43, NULL, 'open', NULL, NULL, NULL, 7, '2025-09-06 12:17:42'),
(143, 4, 44, NULL, 'open', NULL, NULL, NULL, 7, '2025-09-06 12:17:42'),
(144, 4, 45, NULL, 'open', NULL, NULL, NULL, 7, '2025-09-06 12:17:42'),
(145, 4, 46, NULL, 'open', NULL, NULL, NULL, 7, '2025-09-06 12:17:42'),
(146, 4, 47, NULL, 'open', NULL, NULL, NULL, 7, '2025-09-06 12:17:42'),
(147, 4, 48, NULL, 'open', NULL, NULL, NULL, 7, '2025-09-06 12:17:42'),
(148, 4, 51, NULL, 'open', NULL, NULL, NULL, 7, '2025-09-06 12:17:42'),
(149, 4, 56, NULL, 'open', NULL, NULL, NULL, 7, '2025-09-06 12:17:42'),
(150, 4, 58, NULL, 'open', NULL, NULL, NULL, 7, '2025-09-06 12:17:42'),
(151, 4, 59, NULL, 'open', NULL, NULL, NULL, 7, '2025-09-06 12:17:42'),
(152, 4, 63, NULL, 'open', NULL, NULL, NULL, 7, '2025-09-06 12:17:42'),
(153, 4, 64, NULL, 'open', NULL, NULL, NULL, 7, '2025-09-06 12:17:42');

-- --------------------------------------------------------

--
-- Table structure for table `consensus`
--

CREATE TABLE `consensus` (
  `id` int NOT NULL,
  `case_event_id` int NOT NULL,
  `method` enum('majority','meeting','arbitration') NOT NULL,
  `decided_by` int DEFAULT NULL,
  `causality` enum('Definite','Probable','Possible','Unrelated','Unable') NOT NULL,
  `severity` enum('Mild','Moderate','Severe') NOT NULL,
  `expectedness` enum('Expected','Unexpected','Not_Assessable') NOT NULL,
  `suspected_drugs` json DEFAULT NULL,
  `rationale` text,
  `decided_at` timestamp NULL DEFAULT CURRENT_TIMESTAMP
) ENGINE=InnoDB DEFAULT CHARSET=utf8mb4 COLLATE=utf8mb4_0900_ai_ci;

-- --------------------------------------------------------

--
-- Table structure for table `dictionary_event`
--

CREATE TABLE `dictionary_event` (
  `id` int NOT NULL,
  `diagnosis` varchar(512) NOT NULL,
  `category` varchar(255) DEFAULT NULL,
  `ctcae_term` varchar(255) DEFAULT NULL,
  `admission_grade` varchar(64) DEFAULT NULL,
  `icd10` varchar(255) DEFAULT NULL,
  `icd10_norm` varchar(255) GENERATED ALWAYS AS (coalesce(`icd10`,_utf8mb4'')) STORED,
  `source` enum('ICD','LAB') NOT NULL,
  `caveat1` text,
  `outcome1` text,
  `caveat2` text,
  `outcome2` text,
  `caveat3` text,
  `outcome3` text,
  `lcat1` text,
  `lcat1_met1` text,
  `lcat1_met2` text,
  `lcat1_notmet` text,
  `lcat2` text,
  `lcat2_met1` text,
  `lcat2_notmet` text,
  `created_at` timestamp NULL DEFAULT CURRENT_TIMESTAMP
) ENGINE=InnoDB DEFAULT CHARSET=utf8mb4 COLLATE=utf8mb4_0900_ai_ci;

--
-- Dumping data for table `dictionary_event`
--

INSERT INTO `dictionary_event` (`id`, `diagnosis`, `category`, `ctcae_term`, `admission_grade`, `icd10`, `source`, `caveat1`, `outcome1`, `caveat2`, `outcome2`, `caveat3`, `outcome3`, `lcat1`, `lcat1_met1`, `lcat1_met2`, `lcat1_notmet`, `lcat2`, `lcat2_met1`, `lcat2_notmet`, `created_at`) VALUES
(1, 'HB', 'Anaemia', '120 - 100 g/L', '1', 'LABS', 'LAB', '-', '-', '-', '-', '-', '-', '-', '-', '-', '-', '-', '-', '-', '2025-09-06 06:43:24'),
(2, 'ANAPHYLAXIS/ANGIOEDEMA', 'Angioedema', 'Anaphylaxis', '3', 'T78.2', 'ICD', 'Co-prescription of other drug at same time', 'Consider probable provoking drug', '-', '-', '-', '-', '-', '-', '-', '-', '-', '-', '-', '2025-09-06 06:43:24'),
(3, 'APLASTIC ANEMIA, PANCYTOPENIA', 'Aplastic anemia, pancytopenia', 'Blood and lymphatic system disorders - Other, specify', '3', 'D61.1, D61.9', 'ICD', 'Pre-treatment diagnosis in preceding 6 months', 'Exclude', 'Exclude ICD-10 D50 (iron), D51 (B12) or D52 (folate) deficiency', 'Exclude', '-', '-', '-', '-', '-', '-', '-', '-', '-', '2025-09-06 06:43:24'),
(4, 'CONDUCTION DISORDER', 'Arrhythmia', 'Conduction disorder', '2,3', 'I45', 'ICD', 'Pre-treatment diagnosis in preceding 6 months', 'Exclude', '-', '-', '-', '-', '-', '-', '-', '-', '-', '-', '-', '2025-09-06 06:43:24'),
(5, 'MOBITZ (TYPE) II ATRIOVENTRICULAR BLOCK', 'Arrhythmia', 'Mobitz (type) II atrioventricular block', '3', 'I44.1', 'ICD', 'Pre-treatment diagnosis in preceding 6 months', 'Exclude', '-', '-', '-', '-', '-', '-', '-', '-', '-', '-', '-', '2025-09-06 06:43:24'),
(6, 'MOBITZ TYPE I', 'Arrhythmia', 'Mobitz type I', '3', 'I44.0', 'ICD', 'Pre-treatment diagnosis in preceding 6 months', 'Exclude', '-', '-', '-', '-', '-', '-', '-', '-', '-', '-', '-', '2025-09-06 06:43:24'),
(7, 'SICK SINUS SYNDROME', 'Arrhythmia', 'Sick sinus syndrome', '2', 'I49.5', 'ICD', 'Pre-treatment diagnosis in preceding 6 months', 'Exclude', '-', '-', '-', '-', '-', '-', '-', '-', '-', '-', '-', '2025-09-06 06:43:24'),
(8, 'SINUS BRADYCARDIA', 'Arrhythmia', 'Sinus bradycardia', '2', 'R00.1', 'ICD', 'Pre-treatment diagnosis in preceding 6 months', 'Exclude', '-', '-', '-', '-', '-', '-', '-', '-', '-', '-', '-', '2025-09-06 06:43:24'),
(9, 'ALK PHOS', 'DILI', '130-325', '1', 'LABS', 'LAB', '-', '-', '-', '-', '-', '-', '-', '-', '-', '-', '-', '-', '-', '2025-09-06 06:43:24'),
(10, 'ALT', 'DILI', '151-250', '2', 'LABS', 'LAB', '-', '-', '-', '-', '-', '-', '-', '-', '-', '-', '-', '-', '-', '2025-09-06 06:43:24'),
(11, 'AST', 'DILI', '121-200', '2', 'LABS', 'LAB', '-', '-', '-', '-', '-', '-', '-', '-', '-', '-', '-', '-', '-', '2025-09-06 06:43:24'),
(12, 'BILIRUBIN', 'DILI', '20-30', '1', 'LABS', 'LAB', '-', '-', '-', '-', '-', '-', '-', '-', '-', '-', '-', '-', '-', '2025-09-06 06:43:24'),
(13, 'GGT', 'DILI', '176-350', '2', 'LABS', 'LAB', '-', '-', '-', '-', '-', '-', '-', '-', '-', '-', '-', '-', '-', '2025-09-06 06:43:24'),
(14, 'COMA', 'Encephalopathy/Coma', 'Depressed level of consciousness', '4', 'R40.2', 'ICD', '-', '-', '-', '-', '-', '-', '-', '-', '-', '-', '-', '-', '-', '2025-09-06 06:43:24'),
(15, 'GOUT', 'Gout', 'GOUT with caveats', '3', 'M10.9', 'ICD', 'In all cases', 'Treatment failure', '-', '-', '-', '-', '-', '-', '-', '-', '-', '-', '-', '2025-09-06 06:43:24'),
(16, 'HEPATIC FAILURE', 'Hepatitis', 'Hepatic failure', '3', 'K71, K72', 'ICD', 'Pre-treatment diagnosis in preceding 6 months', 'Exclude', 'Intercurrent diagnosis of X60-X84 (self harm) or paracetamol poisoning (T39.1, X40)', 'Exclude', '-', '-', '-', '-', '-', '-', '-', '-', '-', '2025-09-06 06:43:24'),
(17, 'URATE', 'Hyperuricemia', '>ULN with physiologic consequences', '3', 'LABS', 'LAB', '-', '-', '-', '-', '-', '-', '-', '-', '-', '-', '-', '-', '-', '2025-09-06 06:43:24'),
(18, 'WBC', 'Leukopenia', '0.9 x 10e9 /L', '4', 'LABS', 'LAB', '-', '-', '-', '-', '-', '-', '-', '-', '-', '-', '-', '-', '-', '2025-09-06 06:43:24'),
(19, 'NEUTROPHILS', 'Neutropenia', '0.5-0.9x109/l', '3', 'LABS', 'LAB', '-', '-', '-', '-', '-', '-', '-', '-', '-', '-', '-', '-', '-', '2025-09-06 06:43:24'),
(20, 'ERYTHRODERMA', 'Skin reactions', 'Erythroderma', '3', 'L27', 'ICD', 'Pre-treatment diagnosis in preceding 6 months', 'Exclude', '-', '-', '-', '-', '-', '-', '-', '-', '-', '-', '-', '2025-09-06 06:43:24'),
(21, 'STEVENS-JOHNSON SYNDROME', 'Skin reactions', 'Stevens-Johnson syndrome', '3', 'L51.1', 'ICD', 'Co-prescription of other drug at same time', 'Consider probable provoking drug', '-', '-', '-', '-', '-', '-', '-', '-', '-', '-', '-', '2025-09-06 06:43:24'),
(22, 'TOXIC EPIDERMAL NECROLYSIS', 'Skin reactions', 'Toxic epidermal necrolysis', '4', 'L51.2', 'ICD', 'Co-prescription of other drug at same time', 'Consider probable provoking drug', '-', '-', '-', '-', '-', '-', '-', '-', '-', '-', '-', '2025-09-06 06:43:24'),
(23, 'URTICARIA', 'Skin reactions', 'Urticaria', '2', 'T78.3', 'ICD', 'Pre-treatment diagnosis in preceding 6 months', 'Exclude', '-', '-', '-', '-', '-', '-', '-', '-', '-', '-', '-', '2025-09-06 06:43:24'),
(24, 'SOMNOLENCE', 'Somnolence', 'Somnolence', '3', 'R40', 'ICD', 'Pre-treatment diagnosis in preceding 6 months', 'Exclude', '-', '-', '-', '-', '-', '-', '-', '-', '-', '-', '-', '2025-09-06 06:43:24'),
(25, 'LEUCOPENIA', 'leucopenia', 'Blood and lymphatic system disorders - Other, specify', '3', 'D72', 'ICD', 'Pre-treatment diagnosis in preceding 6 months', 'Exclude', 'Exclude if co-prescribed medicine from neutropenia drug list B at the same time, include if already on those medicines with normal result, or if low neutrophils persists after stopping medicine from drug list B.', 'Exclude', '-', '-', '-', '-', '-', '-', '-', '-', '-', '2025-09-06 06:43:24'),
(26, 'NEUTROPENIA', 'neutropenia', 'Febrile Neutropenia', '4', 'D70', 'ICD', 'Pre-treatment diagnosis in preceding 6 months', 'Exclude', 'Exclude if co-prescribed medicine from neutropenia drug list B at the same time, include if already on those medicines with normal result, or if low neutrophils persists after stopping medicine from drug list B.', 'Exclude', '-', '-', '-', '-', '-', '-', '-', '-', '-', '2025-09-06 06:43:24'),
(27, 'PLATELETS', 'thrombocytopenia', '149.9 - 75.0 x 10e9 /L', '1', 'LABS', 'LAB', '-', '-', '-', '-', '-', '-', '-', '-', '-', '-', '-', '-', '-', '2025-09-06 06:43:24'),
(28, 'THROMBOCYTOPENIA', 'thrombocytopenia', 'Blood and lymphatic system disorders - Other, specify', '3', 'D69.5', 'ICD', 'Pre-treatment diagnosis in preceding 6 months', 'Exclude', 'Exclude ICD-10 D50 (iron), D51 (B12) or D52 (folate) deficiency', 'Exclude', '-', '-', '-', '-', '-', '-', '-', '-', '-', '2025-09-06 06:43:24'),
(29, 'BLEEDING', 'Bleeding', 'SEVERAL CODES', '3', 'S06.4, S06.5, S06.6,  D68.3, D68.3, K92.0,K92.1  K92.2, R58, R04.2, R04.0, R31', 'ICD', 'Pre-treatment diagnosis in preceding 6 months', 'Exclude', 'Any diagnosis of bleeding disorder/haemophilia', 'Exclude', '-', '-', '-', '-', '-', '-', '-', '-', '-', '2025-09-06 06:43:24'),
(30, 'STROKE', 'CVA', 'Stroke', '3', 'I63,I64, G46', 'ICD', 'In all cases', 'Treatment failure', '-', '-', '-', '-', '-', '-', '-', '-', '-', '-', '-', '2025-09-06 06:43:24'),
(31, 'TRANSIENT ISCHEMIC ATTACKS', 'CVA', 'Transient ischemic attacks', '2', 'G45', 'ICD', 'In all cases', 'Treatment failure', '-', '-', '-', '-', '-', '-', '-', '-', '-', '-', '-', '2025-09-06 06:43:24'),
(32, 'INR', 'INR on anticoagulation (baseline set as 2.0 but debateable)', '2.4-3', '1', 'LABS', 'LAB', '-', '-', '-', '-', '-', '-', '-', '-', '-', '-', '-', '-', '-', '2025-09-06 06:43:24'),
(33, 'MENORRHAGIA', 'Menstrual Dysfunction', 'Menorrhagia', '2,3', 'N92', 'ICD', 'Pre-treatment diagnosis in preceding 6 months', 'Exclude', '-', '-', '-', '-', '-', '-', '-', '-', '-', '-', '-', '2025-09-06 06:43:24'),
(34, 'ARTERIAL THROMBOEMBOLISM', 'Thromboembolism', 'Arterial thromboembolism', '3', 'I74', 'ICD', 'In all cases', 'Treatment failure', '-', '-', '-', '-', '-', '-', '-', '-', '-', '-', '-', '2025-09-06 06:43:24'),
(35, 'PE/DVT/VTE', 'Thromboembolism', 'Thromboembolic event', '3', 'I26, I82', 'ICD', 'In all cases', 'Treatment failure', '-', '-', '-', '-', '-', '-', '-', '-', '-', '-', '-', '2025-09-06 06:43:24'),
(36, 'ANTICHOLINERGIC SYNDROME', 'Anticholinergic syndrome', 'Nervous system disorders - Other, specify', '3', 'T44.3', 'ICD', '-', '-', '-', '-', '-', '-', '-', '-', '-', '-', '-', '-', '-', '2025-09-06 06:43:24'),
(37, 'ASYSTOLE', 'Arrhythmia', 'Asystole', '4', 'I46.9', 'ICD', '-', '-', '-', '-', '-', '-', '-', '-', '-', '-', '-', '-', '-', '2025-09-06 06:43:24'),
(38, 'ATRIAL FIBRILLATION', 'Arrhythmia', 'Atrial fibrillation', '3', 'I48.0-I48.2, I48.9', 'ICD', 'Pre-treatment diagnosis in preceding 6 months', 'Exclude', '-', '-', '-', '-', '-', '-', '-', '-', '-', '-', '-', '2025-09-06 06:43:24'),
(39, 'ATRIAL FLUTTER', 'Arrhythmia', 'Atrial flutter', '3', 'I48.3, I48.4, I48.9', 'ICD', 'Pre-treatment diagnosis in preceding 6 months', 'Exclude', '-', '-', '-', '-', '-', '-', '-', '-', '-', '-', '-', '2025-09-06 06:43:24'),
(40, 'OTHER CARDIAC DISORDERS (INC LONG QT)', 'Arrhythmia', 'Cardiac disorders - Other, specify', '3', 'I44.2- I44.7, I49.8, I49.9', 'ICD', 'Pre-treatment diagnosis in preceding 6 months', 'Exclude', '-', '-', '-', '-', '-', '-', '-', '-', '-', '-', '-', '2025-09-06 06:43:24'),
(41, 'PALPITATIONS', 'Arrhythmia', 'Palpitations', '1', 'R00.2', 'ICD', 'Pre-treatment diagnosis in preceding 6 months', 'Exclude', '-', '-', '-', '-', '-', '-', '-', '-', '-', '-', '-', '2025-09-06 06:43:24'),
(42, 'PAROXYSMAL ATRIAL TACHYCARDIA', 'Arrhythmia', 'Paroxysmal atrial tachycardia', '2,3', 'I47.1, I47.9', 'ICD', 'Pre-treatment diagnosis in preceding 6 months', 'Exclude', '-', '-', '-', '-', '-', '-', '-', '-', '-', '-', '-', '2025-09-06 06:43:24'),
(43, 'SINUS TACHYCARDIA', 'Arrhythmia', 'Sinus tachycardia', '2', 'R00.0', 'ICD', 'Pre-treatment diagnosis in preceding 6 months', 'Exclude', '-', '-', '-', '-', '-', '-', '-', '-', '-', '-', '-', '2025-09-06 06:43:24'),
(44, 'SUPRAVENTRICULAR TACHYCARDIA', 'Arrhythmia', 'Supraventricular tachycardia', '3', 'I49.4, I49.1, 149.2', 'ICD', 'Pre-treatment diagnosis in preceding 6 months', 'Exclude', '-', '-', '-', '-', '-', '-', '-', '-', '-', '-', '-', '2025-09-06 06:43:24'),
(45, 'VENTRICULAR ARRHYTHMIA', 'Arrhythmia', 'Ventricular arrhythmia', '3', 'I49.3, I49.4', 'ICD', 'Pre-treatment diagnosis in preceding 6 months', 'Exclude', '-', '-', '-', '-', '-', '-', '-', '-', '-', '-', '-', '2025-09-06 06:43:24'),
(46, 'VENTRICULAR FIBRILLATION', 'Arrhythmia', 'Ventricular fibrillation', '4', 'I49.0', 'ICD', 'Pre-treatment diagnosis in preceding 6 months', 'Exclude', '-', '-', '-', '-', '-', '-', '-', '-', '-', '-', '-', '2025-09-06 06:43:24'),
(47, 'VENTRICULAR TACHYCARDIA', 'Arrhythmia', 'Ventricular tachycardia', '3', 'I47.2', 'ICD', 'Pre-treatment diagnosis in preceding 6 months', 'Exclude', '-', '-', '-', '-', '-', '-', '-', '-', '-', '-', '-', '2025-09-06 06:43:24'),
(48, 'ATAXIA', 'Ataxia', 'Ataxia', '3', 'R26, R27', 'ICD', 'Pre-treatment diagnosis in preceding 6 months', 'Exclude', '-', '-', '-', '-', '-', '-', '-', '-', '-', '-', '-', '2025-09-06 06:43:24'),
(49, 'CARDIAC ARREST', 'Cardiac arrest', 'Cardiac arrest', '4', 'I46', 'ICD', '-', '-', '-', '-', '-', '-', '-', '-', '-', '-', '-', '-', '-', '2025-09-06 06:43:24'),
(50, 'DELIRIUM', 'Delirium', 'Delirium', '3', 'F05', 'ICD', 'Pre-treatment diagnosis in preceding 6 months', 'Exclude', 'Consider other diagnoses at time especially infection, constipation, head injury, but presence of these do not necessarily preclude ADR', 'Extended consideration during causality assessment', '-', '-', '-', '-', '-', '-', '-', '-', '-', '2025-09-06 06:43:24'),
(51, 'QTC', 'ECG', 'QTc 0.45-0.48', '1', 'LABS', 'LAB', '-', '-', '-', '-', '-', '-', '-', '-', '-', '-', '-', '-', '-', '2025-09-06 06:43:24'),
(52, 'SODIUM', 'Hyponatraemia', '120-124 mmol/L', '3', 'LABS', 'LAB', '-', '-', '-', '-', '-', '-', '-', '-', '-', '-', '-', '-', '-', '2025-09-06 06:43:24'),
(53, 'HYPOTENSION', 'Hypotension', 'Hypotension', '3', 'I95.0, I95.1, I95.2', 'ICD', 'Pre-treatment diagnosis in preceding 6 months', 'Exclude', '-', '-', '-', '-', '-', '-', '-', '-', '-', '-', '-', '2025-09-06 06:43:24'),
(54, 'NAUSEA', 'Nausea & Vomitting', 'Nausea', '3', 'R11', 'ICD', 'Pre-treatment diagnosis in preceding 6 months', 'Exclude', '-', '-', '-', '-', '-', '-', '-', '-', '-', '-', '-', '2025-09-06 06:43:24'),
(55, 'VOMITING', 'Nausea & Vomitting', 'Vomiting', '3', 'R11', 'ICD', 'Pre-treatment diagnosis in preceding 6 months', 'Exclude', '-', '-', '-', '-', '-', '-', '-', '-', '-', '-', '-', '2025-09-06 06:43:24'),
(56, 'NEUROLEPTIC MALIGNANT SYNDROME', 'Neuroleptic malignant syndrome', 'Nervous system disorders - Other, specify', '3', 'G21.0', 'ICD', 'Pre-treatment diagnosis in preceding 6 months', 'Exclude', '-', '-', '-', '-', '-', '-', '-', '-', '-', '-', '-', '2025-09-06 06:43:24'),
(57, 'SIADH', 'SIADH', 'Endocrine disorders - Other, specify', '3', 'E22.2', 'ICD', 'Pre-treatment diagnosis in preceding 6 months', 'Exclude', 'Exclude if co-prescribed medicine from hyponatraemia drug list A at the same time, include if already on those medicines with normal result, or if low sodium persists after stopping medicine from drug list A.', 'Exclude', 'Exclude if glucose>20 or cholesterol >10', 'Exclude', '-', '-', '-', '-', '-', '-', '-', '2025-09-06 06:43:24'),
(58, 'TREMOR', 'SYMPTOMS nervous and musculoskeletal', 'Tremor', '3', 'R25, G25.0-G25.2', 'ICD', 'Pre-treatment diagnosis in preceding 6 months', 'Exclude', '-', '-', '-', '-', '-', '-', '-', '-', '-', '-', '-', '2025-09-06 06:43:24'),
(59, 'SEIZURE', 'Seizure', 'Seizure', '3', 'G40, G41', 'ICD', '-', '-', '-', '-', '-', '-', '-', '-', '-', '-', '-', '-', '-', '2025-09-06 06:43:24'),
(60, 'SEROTONIN SYNDROME', 'Serotonin syndrome', 'Nervous system disorders - Other, specify', '3', 'T43, T43.1, G99.1, G99.8', 'ICD', 'Pre-treatment diagnosis in preceding 6 months', 'Exclude', '-', '-', '-', '-', '-', '-', '-', '-', '-', '-', '-', '2025-09-06 06:43:24'),
(61, 'DIARRHEA', 'non-inf diarrhoea', 'Diarrhea', '3', 'K52.1, K52.3, K52.8, K52.9', 'ICD', 'Pre-treatment diagnosis in preceding 6 months', 'Exclude', '-', '-', '-', '-', '-', '-', '-', '-', '-', '-', '-', '2025-09-06 06:43:24'),
(62, 'SYNCOPE', 'syncope', 'Syncope', '3', 'R55', 'ICD', 'Pre-treatment diagnosis in preceding 6 months', 'Exclude', '-', '-', '-', '-', '-', '-', '-', '-', '-', '-', '-', '2025-09-06 06:43:24'),
(63, 'CK', 'Muscle Conditions', '1001-2000', '3', 'LABS', 'LAB', '-', '-', '-', '-', '-', '-', '-', '-', '-', '-', '-', '-', '-', '2025-09-06 06:43:24'),
(64, 'OTHER NEURO CONDITION REQUIRING HOSPITALISATION', 'Other Neuro condition requiring hospitalisation', 'Nervous system disorders - Other, specify', '3', 'G20-24.9, G25.3-G26, R42', 'ICD', 'Pre-treatment diagnosis in preceding 6 months', 'Exclude', '-', '-', '-', '-', '-', '-', '-', '-', '-', '-', '-', '2025-09-06 06:43:24'),
(65, 'AMYLASE', 'Pancreas', '101-150', '1', 'LABS', 'LAB', '-', '-', '-', '-', '-', '-', '-', '-', '-', '-', '-', '-', '-', '2025-09-06 06:43:24'),
(66, 'PANCREATITIS', 'Pancreatitis', 'Pancreatitis', '3', 'K85.0, K85.3, K85.8, K85.9, K86.1', 'ICD', 'Pre-treatment diagnosis in preceding 6 months', 'Exclude', 'Exclude if alcohol (K70.1, K70.3, K85.2, F16.2, Z13.3, Y15, K85.2, K86.0) or gallstone (K80, K81, K85.1, K87) codes present', 'Exclude', '-', '-', '-', '-', '-', '-', '-', '-', '-', '2025-09-06 06:43:24'),
(67, 'PERIPHERAL VASCULAR DISEASE', 'Peripheral Vascular Disease', 'Peripheral ischemia', '2', 'I70.2', 'ICD', 'Pre-treatment diagnosis in preceding 6 months', 'Exclude', '-', '-', '-', '-', '-', '-', '-', '-', '-', '-', '-', '2025-09-06 06:43:24'),
(68, 'RHABODMYOLYSIS', 'rhabodmyolysis', 'Rhabdomyolysis', '3', 'M62.8, T79.6', 'ICD', 'Pre-treatment diagnosis in preceding 6 months', 'Exclude', '-', '-', '-', '-', '-', '-', '-', '-', '-', '-', '-', '2025-09-06 06:43:24'),
(69, 'ANGINA', 'IHD', 'Chest pain - cardiac', '3', 'I20', 'ICD', 'Any Prior Diagnosis', 'Exclude', '-', '-', '-', '-', '-', '-', '-', '-', '-', '-', '-', '2025-09-06 06:43:24'),
(70, 'MUSCLE WEAKNESS LOWER LIMB', 'Muscle Conditions', 'Muscle weakness lower limb', '3', 'G72.0, G70.1', 'ICD', 'Pre-treatment diagnosis in preceding 6 months', 'Exclude', '-', '-', '-', '-', '-', '-', '-', '-', '-', '-', '-', '2025-09-06 06:43:24'),
(71, 'MUSCLE WEAKNESS TRUNK', 'Muscle Conditions', 'Muscle weakness trunk', '3', 'G72.0, G70.1', 'ICD', 'Pre-treatment diagnosis in preceding 6 months', 'Exclude', '-', '-', '-', '-', '-', '-', '-', '-', '-', '-', '-', '2025-09-06 06:43:24'),
(72, 'MUSCLE WEAKNESS UPPER LIMB', 'Muscle Conditions', 'Muscle weakness upper limb', '3', 'G72.0, G70.1', 'ICD', 'Pre-treatment diagnosis in preceding 6 months', 'Exclude', '-', '-', '-', '-', '-', '-', '-', '-', '-', '-', '-', '2025-09-06 06:43:24'),
(73, 'MYALGIA', 'Muscle Conditions', 'Myalgia', '3', 'G72.0, G70.1', 'ICD', 'Pre-treatment diagnosis in preceding 6 months', 'Exclude', 'Exclude trauma', 'Exclude', '-', '-', '-', '-', '-', '-', '-', '-', '-', '2025-09-06 06:43:24'),
(74, 'ENTEROCOLITIS', 'Enterocolitis', 'Enterocolitis', '3', 'K52.1', 'ICD', 'Pre-treatment diagnosis in preceding 6 months', 'Exclude', '-', '-', '-', '-', '-', '-', '-', '-', '-', '-', '-', '2025-09-06 06:43:24'),
(75, 'TYPHLITIS', 'Enterocolitis', 'Typhlitis', '3', 'A09.0', 'ICD', 'Pre-treatment diagnosis in preceding 6 months', 'Exclude', '-', '-', '-', '-', '-', '-', '-', '-', '-', '-', '-', '2025-09-06 06:43:24'),
(76, 'ANAL MUCOSITIS', 'Mucositis', 'Anal mucositis', '3', 'K52.1', 'ICD', 'Pre-treatment diagnosis in preceding 6 months', 'Exclude', '-', '-', '-', '-', '-', '-', '-', '-', '-', '-', '-', '2025-09-06 06:43:24'),
(77, 'ESOPHAGITIS', 'Mucositis', 'Esophagitis', '3', 'K20', 'ICD', 'Pre-treatment diagnosis in preceding 6 months', 'Exclude', '-', '-', '-', '-', '-', '-', '-', '-', '-', '-', '-', '2025-09-06 06:43:24'),
(78, 'ORAL MUCOSITIS', 'Mucositis', 'Mucositis oral', '3', 'K12.3', 'ICD', 'Pre-treatment diagnosis in preceding 6 months', 'Exclude', '-', '-', '-', '-', '-', '-', '-', '-', '-', '-', '-', '2025-09-06 06:43:24'),
(79, 'RECTAL MUCOSITIS', 'Mucositis', 'Rectal mucositis', '3', 'K52.1', 'ICD', 'Pre-treatment diagnosis in preceding 6 months', 'Exclude', '-', '-', '-', '-', '-', '-', '-', '-', '-', '-', '-', '2025-09-06 06:43:24'),
(80, 'SMALL INTESTINAL MUCOSITIS', 'Mucositis', 'Small intestinal mucositis', '3', 'K52.1', 'ICD', 'Pre-treatment diagnosis in preceding 6 months', 'Exclude', '-', '-', '-', '-', '-', '-', '-', '-', '-', '-', '-', '2025-09-06 06:43:24'),
(81, 'RESTRICTIVE CARDIOMYOPATHY', 'Acute Cardiomyopathy', 'Restrictive Cardiomyopathy', '3', 'I42.0, I42.2, I42.5, I42.7-142.9', 'ICD', 'Any Prior Diagnosis', 'Exclude', '-', '-', '-', '-', '-', '-', '-', '-', '-', '-', '-', '2025-09-06 06:43:24'),
(82, 'ENCEPHALOPATHY', 'Encephalopathy/Coma', 'Encephalopathy', '3', 'G92', 'ICD', 'Pre-treatment diagnosis in preceding 6 months', 'Exclude', '-', '-', '-', '-', '-', '-', '-', '-', '-', '-', '-', '2025-09-06 06:43:24'),
(83, 'MYOCARDIAL INFARCTION', 'IHD', 'Myocardial infarction', '3', 'I21, I22', 'ICD', 'Any Prior Diagnosis', 'Exclude', '-', '-', '-', '-', '-', '-', '-', '-', '-', '-', '-', '2025-09-06 06:43:24'),
(84, 'MYOCARDITIS', 'Myocarditis', 'Myocarditis', '3', 'I40, I51.4', 'ICD', 'Any Prior Diagnosis', 'Exclude', '-', '-', '-', '-', '-', '-', '-', '-', '-', '-', '-', '2025-09-06 06:43:24'),
(85, 'PERICARDITIS', 'Pericarditis', 'Pericarditis', '2', 'I30, I31', 'ICD', 'Any Prior Diagnosis', 'Exclude', '-', '-', '-', '-', '-', '-', '-', '-', '-', '-', '-', '2025-09-06 06:43:24'),
(86, 'AMENORRHEA', 'Menstrual Dysfunction', 'Amenorrhea', '2', 'N91', 'ICD', 'Pre-treatment diagnosis in preceding 6 months', 'Exclude', '-', '-', '-', '-', '-', '-', '-', '-', '-', '-', '-', '2025-09-06 06:43:25'),
(87, 'IRREGULAR MENSTRUATION', 'Menstrual Dysfunction', 'Irregular menstruation', '1', 'N92.6', 'ICD', 'Pre-treatment diagnosis in preceding 6 months', 'Exclude', '-', '-', '-', '-', '-', '-', '-', '-', '-', '-', '-', '2025-09-06 06:43:25'),
(88, 'GLUCOSE', 'Hypoglycemia', '3.4 - 3.0 mmol/L', '1', 'LABS', 'LAB', '-', '-', '-', '-', '-', '-', '-', '-', '-', '-', '-', '-', '-', '2025-09-06 06:43:25'),
(89, 'FALL', 'Fall', 'Fall', '3', 'R29.6', 'ICD', 'Pre-treatment diagnosis in preceding 6 months', 'Exclude', '-', '-', '-', '-', '-', '-', '-', '-', '-', '-', '-', '2025-09-06 06:43:25'),
(90, 'OPIATE TOXICITY', 'opioid related', 'Injury, poisoning and procedural complications - Other, specify', '3', 'T40, F11 (except F11.10, F11.11, F11.12, F11.20, F11.21, F11.90, F11.91)', 'ICD', 'Exclude F11 (opiate dependence) and X60-X84 (self harm)', 'Exclude', '-', '-', '-', '-', '-', '-', '-', '-', '-', '-', '-', '2025-09-06 06:43:25'),
(91, 'TRIGLYCERIDES', 'Hypertriglyceridemia', '1.71 mmol/L - 3.42 mmol/L', '1', 'LABS', 'LAB', '-', '-', '-', '-', '-', '-', '-', '-', '-', '-', '-', '-', '-', '2025-09-06 06:43:25'),
(92, 'ACUTE KIDNEY INJURY', 'Acute Kidney Injury', 'Acute Kidney Injury', '3', 'N17', 'ICD', 'Pre-treatment diagnosis in preceding 6 months', 'Exclude', 'Exclude diagnoses of Glomerulonephritides (N00-N08), Renal Interstitial diseases (N10-N16), Stones (N20-N23), Renal Tubular Diseases (N25)', 'Exclude', '-', '-', '-', '-', '-', '-', '-', '-', '-', '2025-09-06 06:43:25'),
(93, 'HEART FAILURE', 'Heart failure', 'Heart failure', '3', 'I50', 'ICD', 'Any Prior Diagnosis', 'Exclude', '-', '-', '-', '-', '-', '-', '-', '-', '-', '-', '-', '2025-09-06 06:43:25'),
(94, 'LEFT VENTRICULAR SYSTOLIC DYSFUNCTION', 'LV dysfunction', 'Left ventricular systolic dysfunction', '3', 'I50.1, I50', 'ICD', 'Any Prior Diagnosis', 'Exclude', '-', '-', '-', '-', '-', '-', '-', '-', '-', '-', '-', '2025-09-06 06:43:25'),
(95, 'CALCIUM', 'Hypercalcemia', '2.6 - 2.9 mmol/L', '1', 'LABS', 'LAB', '-', '-', '-', '-', '-', '-', '-', '-', '-', '-', '-', '-', '-', '2025-09-06 06:43:25'),
(96, 'MAGNESIUM', 'Hypomagnesemia', '0.69 - 0.5 mmol/L', '1', 'LABS', 'LAB', '-', '-', '-', '-', '-', '-', '-', '-', '-', '-', '-', '-', '-', '2025-09-06 06:43:25'),
(97, 'POTASSIUM', 'Hyperkalemia', '4.42 - 5.5 mmol/L', '1', 'LABS', 'LAB', '-', '-', '-', '-', '-', '-', '-', '-', '-', '-', '-', '-', '-', '2025-09-06 06:43:25');

-- --------------------------------------------------------

--
-- Table structure for table `drugs`
--

CREATE TABLE `drugs` (
  `id` int NOT NULL,
  `name` varchar(255) NOT NULL,
  `class` varchar(255) DEFAULT NULL,
  `genes` text,
  `created_at` timestamp NULL DEFAULT CURRENT_TIMESTAMP
) ENGINE=InnoDB DEFAULT CHARSET=utf8mb4 COLLATE=utf8mb4_0900_ai_ci;

--
-- Dumping data for table `drugs`
--

INSERT INTO `drugs` (`id`, `name`, `class`, `genes`, `created_at`) VALUES
(1, 'ALLOPURINOL', NULL, 'HLA B', '2025-09-06 06:43:24'),
(2, 'ACENOCOUMAROL', NULL, 'VKORC1', '2025-09-06 06:43:24'),
(3, 'AMITRIPTYLINE', NULL, 'CYP2D6', '2025-09-06 06:43:24'),
(4, 'ARIPIPRAZOLE', NULL, 'CYP2D6', '2025-09-06 06:43:24'),
(5, 'ATOMOXETINE', NULL, 'CYP2D6', '2025-09-06 06:43:24'),
(6, 'ATORVASTATIN', NULL, 'SLCO1B1', '2025-09-06 06:43:24'),
(7, 'AZATHIOPRINE', NULL, 'TPMT', '2025-09-06 06:43:24'),
(8, 'CAPECITABINE', NULL, 'DPYD', '2025-09-06 06:43:24'),
(9, 'CARBAMAZEPINE', NULL, 'HLA-A; HLAB', '2025-09-06 06:43:25'),
(10, 'CITALOPRAM', NULL, 'CYP2C19', '2025-09-06 06:43:25'),
(11, 'CLOMIPRAMINE', NULL, 'CYP2C19;CYP2D6', '2025-09-06 06:43:25'),
(12, 'CLOPIDOGREL', NULL, 'CYP2C19', '2025-09-06 06:43:25'),
(13, 'CLOZAPINE', NULL, 'CYP1A2', '2025-09-06 06:43:25'),
(14, 'CODEINE', NULL, 'CYP2D6', '2025-09-06 06:43:25'),
(15, 'DOXEPIN', NULL, 'CYP2D6', '2025-09-06 06:43:25'),
(16, 'EFAVIRENZ', NULL, 'CYP2B6', '2025-09-06 06:43:25'),
(17, 'ESCITALOPRAM', NULL, 'CYP2C19', '2025-09-06 06:43:25'),
(18, 'FLECAINIDE', NULL, 'CYP2D6', '2025-09-06 06:43:25'),
(19, 'FLUCLOXACILLIN', NULL, 'HLA B', '2025-09-06 06:43:25'),
(20, 'FLUOROURACIL', NULL, 'DPYD', '2025-09-06 06:43:25'),
(21, 'HALOPERIDOL', NULL, 'CYP2D6', '2025-09-06 06:43:25'),
(22, 'IMIPRAMINE', NULL, 'CYP2C19;CYP2D6', '2025-09-06 06:43:25'),
(23, 'IRINOTECAN', NULL, 'UGT1A1', '2025-09-06 06:43:25'),
(24, 'MERCAPTOPURINE', NULL, 'TPMT', '2025-09-06 06:43:25'),
(25, 'METOPROLOL', NULL, 'CYP2D6', '2025-09-06 06:43:25'),
(26, 'NORTRIPTYLINE', NULL, 'CYP2D6', '2025-09-06 06:43:25'),
(27, 'OXYCODONE', NULL, 'CYP2D6', '2025-09-06 06:43:25'),
(28, 'PAROXETINE', NULL, 'CYP2D6', '2025-09-06 06:43:25'),
(29, 'PHENPROCOUMON', NULL, 'VKORC1', '2025-09-06 06:43:25'),
(30, 'PHENYTOIN', NULL, 'CYP2C9', '2025-09-06 06:43:25'),
(31, 'PIMOZIDE', NULL, 'CYP2D6', '2025-09-06 06:43:25'),
(32, 'PROPAFENONE', NULL, 'CYP2D6', '2025-09-06 06:43:25'),
(33, 'SERTRALINE', NULL, 'CYP2C19', '2025-09-06 06:43:25'),
(34, 'SIMVASTATIN', NULL, 'SLCO1B1', '2025-09-06 06:43:25'),
(35, 'TACROLIMUS', NULL, 'CYP3A5', '2025-09-06 06:43:25'),
(36, 'TAMOXIFEN', NULL, 'CYP2D6', '2025-09-06 06:43:25'),
(37, 'TEGAFUR', NULL, 'DPYD', '2025-09-06 06:43:25'),
(38, 'THIOGUANINE', NULL, 'TPMT', '2025-09-06 06:43:25'),
(39, 'TRAMADOL', NULL, 'CYP2D6', '2025-09-06 06:43:25'),
(40, 'VENLAFAXINE', NULL, 'CYP2D6', '2025-09-06 06:43:25'),
(41, 'VORICONAZOLE', NULL, 'CYP2C19', '2025-09-06 06:43:25'),
(42, 'WARFARIN', NULL, 'CYP2C9;VKORC1', '2025-09-06 06:43:25'),
(43, 'ZUCLOPENTHIXOL', NULL, 'CYP2D6', '2025-09-06 06:43:25'),
(44, 'FOSPHENYTOIN', NULL, 'CYP2C9;HLA-B', '2025-09-06 06:43:25'),
(45, 'BRIVARACETAM', NULL, 'CYP2C19', '2025-09-06 06:43:25'),
(46, 'CLOBAZAM', NULL, 'CYP2C19', '2025-09-06 06:43:25'),
(47, 'METOCLOPRAMIDE', NULL, 'CYP2D6', '2025-09-06 06:43:25'),
(48, 'PANTOPRAZOLE', NULL, 'CYP2C19', '2025-09-06 06:43:25'),
(49, 'PIROXICAM', NULL, 'CYP2C9', '2025-09-06 06:43:25'),
(50, 'TETRABENAZINE', NULL, 'CYP2D6', '2025-09-06 06:43:25'),
(51, 'CARVEDILOL', NULL, 'CYP2D6', '2025-09-06 06:43:25'),
(52, 'OXCARBAZEPINE', NULL, 'HLA-B', '2025-09-06 06:43:25'),
(53, 'SULFAMETHOXAZOLE AND TRIMETHOPRIM', NULL, 'NAT', '2025-09-06 06:43:25'),
(54, 'SULFASALAZINE', NULL, 'NAT', '2025-09-06 06:43:25'),
(55, 'TOLTERODINE', NULL, 'CYP2D6', '2025-09-06 06:43:25'),
(56, 'ABACAVIR', NULL, 'HLA-B', '2025-09-06 06:43:25'),
(57, 'CELECOXIB', NULL, 'CYP2C9', '2025-09-06 06:43:25'),
(58, 'MELOXICAM', NULL, 'CYP2C9', '2025-09-06 06:43:25'),
(59, 'ISONIAZID', NULL, 'NAT', '2025-09-06 06:43:25');

-- --------------------------------------------------------

--
-- Table structure for table `drug_event_map`
--

CREATE TABLE `drug_event_map` (
  `drug_id` int NOT NULL,
  `dict_event_id` int NOT NULL,
  `expected_flag` tinyint(1) DEFAULT NULL
) ENGINE=InnoDB DEFAULT CHARSET=utf8mb4 COLLATE=utf8mb4_0900_ai_ci;

--
-- Dumping data for table `drug_event_map`
--

INSERT INTO `drug_event_map` (`drug_id`, `dict_event_id`, `expected_flag`) VALUES
(1, 1, NULL),
(1, 2, NULL),
(1, 3, NULL),
(1, 4, NULL),
(1, 5, NULL),
(1, 6, NULL),
(1, 7, NULL),
(1, 8, NULL),
(1, 9, NULL),
(1, 10, NULL),
(1, 11, NULL),
(1, 12, NULL),
(1, 13, NULL),
(1, 14, NULL),
(1, 15, NULL),
(1, 16, NULL),
(1, 17, NULL),
(1, 18, NULL),
(1, 19, NULL),
(1, 20, NULL),
(1, 21, NULL),
(1, 22, NULL),
(1, 23, NULL),
(1, 24, NULL),
(1, 25, NULL),
(1, 26, NULL),
(1, 27, NULL),
(1, 28, NULL),
(2, 1, NULL),
(2, 29, NULL),
(2, 30, NULL),
(2, 31, NULL),
(2, 32, NULL),
(2, 33, NULL),
(2, 34, NULL),
(2, 35, NULL),
(3, 4, NULL),
(3, 5, NULL),
(3, 6, NULL),
(3, 7, NULL),
(3, 8, NULL),
(3, 9, NULL),
(3, 10, NULL),
(3, 11, NULL),
(3, 12, NULL),
(3, 13, NULL),
(3, 14, NULL),
(3, 16, NULL),
(3, 20, NULL),
(3, 21, NULL),
(3, 22, NULL),
(3, 23, NULL),
(3, 24, NULL),
(3, 36, NULL),
(3, 37, NULL),
(3, 38, NULL),
(3, 39, NULL),
(3, 40, NULL),
(3, 41, NULL),
(3, 42, NULL),
(3, 43, NULL),
(3, 44, NULL),
(3, 45, NULL),
(3, 46, NULL),
(3, 47, NULL),
(3, 48, NULL),
(3, 49, NULL),
(3, 50, NULL),
(3, 51, NULL),
(3, 52, NULL),
(3, 53, NULL),
(3, 54, NULL),
(3, 55, NULL),
(3, 56, NULL),
(3, 57, NULL),
(3, 58, NULL),
(3, 59, NULL),
(3, 60, NULL),
(3, 61, NULL),
(3, 62, NULL),
(4, 3, NULL),
(4, 4, NULL),
(4, 5, NULL),
(4, 6, NULL),
(4, 7, NULL),
(4, 8, NULL),
(4, 9, NULL),
(4, 10, NULL),
(4, 11, NULL),
(4, 12, NULL),
(4, 13, NULL),
(4, 14, NULL),
(4, 16, NULL),
(4, 18, NULL),
(4, 19, NULL),
(4, 24, NULL),
(4, 25, NULL),
(4, 26, NULL),
(4, 27, NULL),
(4, 28, NULL),
(4, 30, NULL),
(4, 31, NULL),
(4, 34, NULL),
(4, 35, NULL),
(4, 37, NULL),
(4, 38, NULL),
(4, 39, NULL),
(4, 40, NULL),
(4, 41, NULL),
(4, 42, NULL),
(4, 43, NULL),
(4, 44, NULL),
(4, 45, NULL),
(4, 46, NULL),
(4, 47, NULL),
(4, 48, NULL),
(4, 49, NULL),
(4, 50, NULL),
(4, 51, NULL),
(4, 53, NULL),
(4, 54, NULL),
(4, 55, NULL),
(4, 56, NULL),
(4, 58, NULL),
(4, 59, NULL),
(4, 62, NULL),
(4, 63, NULL),
(4, 64, NULL),
(4, 65, NULL),
(4, 66, NULL),
(4, 67, NULL),
(4, 68, NULL),
(5, 4, NULL),
(5, 5, NULL),
(5, 6, NULL),
(5, 7, NULL),
(5, 8, NULL),
(5, 9, NULL),
(5, 10, NULL),
(5, 11, NULL),
(5, 12, NULL),
(5, 13, NULL),
(5, 14, NULL),
(5, 16, NULL),
(5, 23, NULL),
(5, 24, NULL),
(5, 37, NULL),
(5, 38, NULL),
(5, 39, NULL),
(5, 40, NULL),
(5, 41, NULL),
(5, 42, NULL),
(5, 43, NULL),
(5, 44, NULL),
(5, 45, NULL),
(5, 46, NULL),
(5, 47, NULL),
(5, 49, NULL),
(5, 51, NULL),
(5, 54, NULL),
(5, 55, NULL),
(5, 58, NULL),
(5, 59, NULL),
(5, 62, NULL),
(5, 69, NULL),
(6, 1, NULL),
(6, 2, NULL),
(6, 9, NULL),
(6, 10, NULL),
(6, 11, NULL),
(6, 12, NULL),
(6, 13, NULL),
(6, 16, NULL),
(6, 20, NULL),
(6, 21, NULL),
(6, 22, NULL),
(6, 23, NULL),
(6, 29, NULL),
(6, 54, NULL),
(6, 55, NULL),
(6, 61, NULL),
(6, 63, NULL),
(6, 65, NULL),
(6, 66, NULL),
(6, 68, NULL),
(6, 70, NULL),
(6, 71, NULL),
(6, 72, NULL),
(6, 73, NULL),
(7, 1, NULL),
(7, 3, NULL),
(7, 9, NULL),
(7, 10, NULL),
(7, 11, NULL),
(7, 12, NULL),
(7, 13, NULL),
(7, 15, NULL),
(7, 16, NULL),
(7, 17, NULL),
(7, 18, NULL),
(7, 19, NULL),
(7, 20, NULL),
(7, 21, NULL),
(7, 22, NULL),
(7, 23, NULL),
(7, 25, NULL),
(7, 26, NULL),
(7, 27, NULL),
(7, 28, NULL),
(7, 54, NULL),
(7, 55, NULL),
(7, 61, NULL),
(7, 65, NULL),
(7, 66, NULL),
(7, 74, NULL),
(7, 75, NULL),
(7, 76, NULL),
(7, 77, NULL),
(7, 78, NULL),
(7, 79, NULL),
(7, 80, NULL),
(8, 1, NULL),
(8, 3, NULL),
(8, 4, NULL),
(8, 5, NULL),
(8, 6, NULL),
(8, 7, NULL),
(8, 8, NULL),
(8, 12, NULL),
(8, 14, NULL),
(8, 18, NULL),
(8, 19, NULL),
(8, 20, NULL),
(8, 21, NULL),
(8, 22, NULL),
(8, 23, NULL),
(8, 24, NULL),
(8, 25, NULL),
(8, 26, NULL),
(8, 27, NULL),
(8, 28, NULL),
(8, 29, NULL),
(8, 33, NULL),
(8, 35, NULL),
(8, 37, NULL),
(8, 38, NULL),
(8, 39, NULL),
(8, 40, NULL),
(8, 41, NULL),
(8, 42, NULL),
(8, 43, NULL),
(8, 44, NULL),
(8, 45, NULL),
(8, 46, NULL),
(8, 47, NULL),
(8, 49, NULL),
(8, 51, NULL),
(8, 54, NULL),
(8, 55, NULL),
(8, 58, NULL),
(8, 61, NULL),
(8, 62, NULL),
(8, 69, NULL),
(8, 74, NULL),
(8, 75, NULL),
(8, 76, NULL),
(8, 77, NULL),
(8, 78, NULL),
(8, 79, NULL),
(8, 80, NULL),
(8, 81, NULL),
(8, 82, NULL),
(8, 83, NULL),
(8, 84, NULL),
(8, 85, NULL),
(9, 1, NULL),
(9, 3, NULL),
(9, 4, NULL),
(9, 5, NULL),
(9, 6, NULL),
(9, 7, NULL),
(9, 8, NULL),
(9, 9, NULL),
(9, 10, NULL),
(9, 11, NULL),
(9, 12, NULL),
(9, 13, NULL),
(9, 14, NULL),
(9, 16, NULL),
(9, 18, NULL),
(9, 19, NULL),
(9, 20, NULL),
(9, 21, NULL),
(9, 22, NULL),
(9, 23, NULL),
(9, 24, NULL),
(9, 25, NULL),
(9, 26, NULL),
(9, 27, NULL),
(9, 28, NULL),
(9, 37, NULL),
(9, 38, NULL),
(9, 39, NULL),
(9, 40, NULL),
(9, 41, NULL),
(9, 42, NULL),
(9, 43, NULL),
(9, 44, NULL),
(9, 45, NULL),
(9, 46, NULL),
(9, 47, NULL),
(9, 48, NULL),
(9, 49, NULL),
(9, 51, NULL),
(9, 52, NULL),
(9, 54, NULL),
(9, 55, NULL),
(9, 56, NULL),
(9, 57, NULL),
(9, 58, NULL),
(9, 59, NULL),
(9, 61, NULL),
(9, 64, NULL),
(9, 65, NULL),
(9, 66, NULL),
(9, 70, NULL),
(9, 71, NULL),
(9, 72, NULL),
(9, 73, NULL),
(10, 2, NULL),
(10, 4, NULL),
(10, 5, NULL),
(10, 6, NULL),
(10, 7, NULL),
(10, 8, NULL),
(10, 9, NULL),
(10, 10, NULL),
(10, 11, NULL),
(10, 12, NULL),
(10, 13, NULL),
(10, 14, NULL),
(10, 16, NULL),
(10, 20, NULL),
(10, 21, NULL),
(10, 22, NULL),
(10, 23, NULL),
(10, 24, NULL),
(10, 27, NULL),
(10, 28, NULL),
(10, 29, NULL),
(10, 33, NULL),
(10, 37, NULL),
(10, 38, NULL),
(10, 39, NULL),
(10, 40, NULL),
(10, 41, NULL),
(10, 42, NULL),
(10, 43, NULL),
(10, 44, NULL),
(10, 45, NULL),
(10, 46, NULL),
(10, 47, NULL),
(10, 48, NULL),
(10, 49, NULL),
(10, 51, NULL),
(10, 52, NULL),
(10, 53, NULL),
(10, 54, NULL),
(10, 55, NULL),
(10, 57, NULL),
(10, 58, NULL),
(10, 59, NULL),
(10, 60, NULL),
(10, 61, NULL),
(10, 62, NULL),
(10, 64, NULL),
(10, 70, NULL),
(10, 71, NULL),
(10, 72, NULL),
(10, 73, NULL),
(10, 86, NULL),
(10, 87, NULL),
(11, 2, NULL),
(11, 3, NULL),
(11, 4, NULL),
(11, 5, NULL),
(11, 6, NULL),
(11, 7, NULL),
(11, 8, NULL),
(11, 9, NULL),
(11, 10, NULL),
(11, 11, NULL),
(11, 12, NULL),
(11, 13, NULL),
(11, 16, NULL),
(11, 33, NULL),
(11, 37, NULL),
(11, 38, NULL),
(11, 39, NULL),
(11, 40, NULL),
(11, 41, NULL),
(11, 42, NULL),
(11, 43, NULL),
(11, 44, NULL),
(11, 45, NULL),
(11, 46, NULL),
(11, 47, NULL),
(11, 49, NULL),
(11, 50, NULL),
(11, 51, NULL),
(11, 52, NULL),
(11, 54, NULL),
(11, 55, NULL),
(11, 56, NULL),
(11, 57, NULL),
(11, 58, NULL),
(11, 59, NULL),
(11, 60, NULL),
(11, 63, NULL),
(11, 70, NULL),
(11, 71, NULL),
(11, 72, NULL),
(11, 73, NULL),
(11, 88, NULL),
(12, 1, NULL),
(12, 2, NULL),
(12, 9, NULL),
(12, 10, NULL),
(12, 11, NULL),
(12, 12, NULL),
(12, 13, NULL),
(12, 16, NULL),
(12, 18, NULL),
(12, 19, NULL),
(12, 20, NULL),
(12, 21, NULL),
(12, 22, NULL),
(12, 23, NULL),
(12, 25, NULL),
(12, 27, NULL),
(12, 28, NULL),
(12, 29, NULL),
(12, 30, NULL),
(12, 31, NULL),
(12, 33, NULL),
(12, 34, NULL),
(12, 65, NULL),
(12, 66, NULL),
(12, 67, NULL),
(12, 69, NULL),
(12, 83, NULL),
(13, 1, NULL),
(13, 3, NULL),
(13, 4, NULL),
(13, 5, NULL),
(13, 6, NULL),
(13, 7, NULL),
(13, 8, NULL),
(13, 9, NULL),
(13, 10, NULL),
(13, 11, NULL),
(13, 12, NULL),
(13, 13, NULL),
(13, 14, NULL),
(13, 16, NULL),
(13, 18, NULL),
(13, 19, NULL),
(13, 24, NULL),
(13, 25, NULL),
(13, 26, NULL),
(13, 27, NULL),
(13, 28, NULL),
(13, 34, NULL),
(13, 35, NULL),
(13, 37, NULL),
(13, 38, NULL),
(13, 39, NULL),
(13, 40, NULL),
(13, 41, NULL),
(13, 42, NULL),
(13, 43, NULL),
(13, 44, NULL),
(13, 45, NULL),
(13, 46, NULL),
(13, 47, NULL),
(13, 48, NULL),
(13, 49, NULL),
(13, 51, NULL),
(13, 53, NULL),
(13, 54, NULL),
(13, 55, NULL),
(13, 56, NULL),
(13, 58, NULL),
(13, 59, NULL),
(13, 62, NULL),
(13, 64, NULL),
(13, 65, NULL),
(13, 66, NULL),
(13, 89, NULL),
(14, 4, NULL),
(14, 5, NULL),
(14, 6, NULL),
(14, 7, NULL),
(14, 8, NULL),
(14, 14, NULL),
(14, 24, NULL),
(14, 37, NULL),
(14, 38, NULL),
(14, 39, NULL),
(14, 40, NULL),
(14, 41, NULL),
(14, 42, NULL),
(14, 43, NULL),
(14, 44, NULL),
(14, 45, NULL),
(14, 46, NULL),
(14, 47, NULL),
(14, 48, NULL),
(14, 50, NULL),
(14, 51, NULL),
(14, 53, NULL),
(14, 54, NULL),
(14, 55, NULL),
(14, 64, NULL),
(14, 89, NULL),
(14, 90, NULL),
(15, 1, NULL),
(15, 3, NULL),
(15, 12, NULL),
(15, 14, NULL),
(15, 18, NULL),
(15, 19, NULL),
(15, 23, NULL),
(15, 24, NULL),
(15, 25, NULL),
(15, 26, NULL),
(15, 27, NULL),
(15, 28, NULL),
(15, 36, NULL),
(15, 50, NULL),
(15, 52, NULL),
(15, 54, NULL),
(15, 55, NULL),
(15, 57, NULL),
(15, 58, NULL),
(15, 59, NULL),
(15, 61, NULL),
(15, 64, NULL),
(15, 78, NULL),
(16, 9, NULL),
(16, 10, NULL),
(16, 11, NULL),
(16, 12, NULL),
(16, 13, NULL),
(16, 14, NULL),
(16, 16, NULL),
(16, 20, NULL),
(16, 21, NULL),
(16, 22, NULL),
(16, 23, NULL),
(16, 24, NULL),
(16, 48, NULL),
(16, 50, NULL),
(16, 54, NULL),
(16, 55, NULL),
(16, 58, NULL),
(16, 59, NULL),
(16, 61, NULL),
(16, 64, NULL),
(16, 65, NULL),
(16, 66, NULL),
(16, 91, NULL),
(17, 2, NULL),
(17, 4, NULL),
(17, 5, NULL),
(17, 6, NULL),
(17, 7, NULL),
(17, 8, NULL),
(17, 9, NULL),
(17, 10, NULL),
(17, 11, NULL),
(17, 12, NULL),
(17, 13, NULL),
(17, 14, NULL),
(17, 16, NULL),
(17, 20, NULL),
(17, 21, NULL),
(17, 22, NULL),
(17, 23, NULL),
(17, 24, NULL),
(17, 27, NULL),
(17, 28, NULL),
(17, 29, NULL),
(17, 33, NULL),
(17, 37, NULL),
(17, 38, NULL),
(17, 39, NULL),
(17, 40, NULL),
(17, 41, NULL),
(17, 42, NULL),
(17, 43, NULL),
(17, 44, NULL),
(17, 45, NULL),
(17, 46, NULL),
(17, 47, NULL),
(17, 48, NULL),
(17, 49, NULL),
(17, 51, NULL),
(17, 52, NULL),
(17, 53, NULL),
(17, 54, NULL),
(17, 55, NULL),
(17, 57, NULL),
(17, 58, NULL),
(17, 59, NULL),
(17, 60, NULL),
(17, 61, NULL),
(17, 62, NULL),
(17, 64, NULL),
(17, 73, NULL),
(17, 86, NULL),
(17, 87, NULL),
(18, 1, NULL),
(18, 4, NULL),
(18, 5, NULL),
(18, 6, NULL),
(18, 7, NULL),
(18, 8, NULL),
(18, 9, NULL),
(18, 10, NULL),
(18, 11, NULL),
(18, 12, NULL),
(18, 13, NULL),
(18, 16, NULL),
(18, 18, NULL),
(18, 19, NULL),
(18, 23, NULL),
(18, 25, NULL),
(18, 26, NULL),
(18, 27, NULL),
(18, 28, NULL),
(18, 37, NULL),
(18, 38, NULL),
(18, 39, NULL),
(18, 40, NULL),
(18, 41, NULL),
(18, 42, NULL),
(18, 43, NULL),
(18, 44, NULL),
(18, 45, NULL),
(18, 46, NULL),
(18, 47, NULL),
(18, 49, NULL),
(18, 51, NULL),
(18, 54, NULL),
(18, 55, NULL),
(18, 59, NULL),
(18, 61, NULL),
(18, 62, NULL),
(18, 70, NULL),
(18, 71, NULL),
(18, 72, NULL),
(18, 73, NULL),
(19, 1, NULL),
(19, 2, NULL),
(19, 3, NULL),
(19, 9, NULL),
(19, 10, NULL),
(19, 11, NULL),
(19, 12, NULL),
(19, 13, NULL),
(19, 16, NULL),
(19, 18, NULL),
(19, 19, NULL),
(19, 20, NULL),
(19, 21, NULL),
(19, 22, NULL),
(19, 23, NULL),
(19, 25, NULL),
(19, 26, NULL),
(19, 27, NULL),
(19, 28, NULL),
(19, 54, NULL),
(19, 55, NULL),
(19, 59, NULL),
(19, 61, NULL),
(19, 73, NULL),
(20, 1, NULL),
(20, 3, NULL),
(20, 4, NULL),
(20, 5, NULL),
(20, 6, NULL),
(20, 7, NULL),
(20, 8, NULL),
(20, 9, NULL),
(20, 10, NULL),
(20, 11, NULL),
(20, 12, NULL),
(20, 13, NULL),
(20, 14, NULL),
(20, 16, NULL),
(20, 18, NULL),
(20, 19, NULL),
(20, 20, NULL),
(20, 21, NULL),
(20, 22, NULL),
(20, 23, NULL),
(20, 24, NULL),
(20, 25, NULL),
(20, 26, NULL),
(20, 27, NULL),
(20, 28, NULL),
(20, 29, NULL),
(20, 30, NULL),
(20, 31, NULL),
(20, 33, NULL),
(20, 34, NULL),
(20, 35, NULL),
(20, 37, NULL),
(20, 38, NULL),
(20, 39, NULL),
(20, 40, NULL),
(20, 41, NULL),
(20, 42, NULL),
(20, 43, NULL),
(20, 44, NULL),
(20, 45, NULL),
(20, 46, NULL),
(20, 47, NULL),
(20, 48, NULL),
(20, 49, NULL),
(20, 51, NULL),
(20, 53, NULL),
(20, 54, NULL),
(20, 55, NULL),
(20, 58, NULL),
(20, 59, NULL),
(20, 61, NULL),
(20, 63, NULL),
(20, 64, NULL),
(20, 65, NULL),
(20, 66, NULL),
(20, 67, NULL),
(20, 68, NULL),
(20, 69, NULL),
(20, 74, NULL),
(20, 75, NULL),
(20, 76, NULL),
(20, 77, NULL),
(20, 78, NULL),
(20, 79, NULL),
(20, 80, NULL),
(20, 81, NULL),
(20, 82, NULL),
(20, 83, NULL),
(20, 84, NULL),
(20, 85, NULL),
(20, 86, NULL),
(20, 87, NULL),
(20, 92, NULL),
(20, 93, NULL),
(20, 94, NULL),
(21, 4, NULL),
(21, 5, NULL),
(21, 6, NULL),
(21, 7, NULL),
(21, 8, NULL),
(21, 14, NULL),
(21, 18, NULL),
(21, 19, NULL),
(21, 24, NULL),
(21, 25, NULL),
(21, 26, NULL),
(21, 30, NULL),
(21, 31, NULL),
(21, 34, NULL),
(21, 35, NULL),
(21, 37, NULL),
(21, 38, NULL),
(21, 39, NULL),
(21, 40, NULL),
(21, 41, NULL),
(21, 42, NULL),
(21, 43, NULL),
(21, 44, NULL),
(21, 45, NULL),
(21, 46, NULL),
(21, 47, NULL),
(21, 48, NULL),
(21, 49, NULL),
(21, 51, NULL),
(21, 53, NULL),
(21, 54, NULL),
(21, 55, NULL),
(21, 56, NULL),
(21, 58, NULL),
(21, 59, NULL),
(21, 63, NULL),
(21, 64, NULL),
(22, 1, NULL),
(22, 3, NULL),
(22, 4, NULL),
(22, 5, NULL),
(22, 6, NULL),
(22, 7, NULL),
(22, 8, NULL),
(22, 9, NULL),
(22, 10, NULL),
(22, 11, NULL),
(22, 12, NULL),
(22, 13, NULL),
(22, 16, NULL),
(22, 18, NULL),
(22, 19, NULL),
(22, 25, NULL),
(22, 26, NULL),
(22, 27, NULL),
(22, 28, NULL),
(22, 36, NULL),
(22, 37, NULL),
(22, 38, NULL),
(22, 39, NULL),
(22, 40, NULL),
(22, 41, NULL),
(22, 42, NULL),
(22, 43, NULL),
(22, 44, NULL),
(22, 45, NULL),
(22, 46, NULL),
(22, 47, NULL),
(22, 49, NULL),
(22, 50, NULL),
(22, 51, NULL),
(22, 52, NULL),
(22, 53, NULL),
(22, 54, NULL),
(22, 55, NULL),
(22, 57, NULL),
(22, 58, NULL),
(22, 63, NULL),
(23, 1, NULL),
(23, 3, NULL),
(23, 5, NULL),
(23, 6, NULL),
(23, 8, NULL),
(23, 9, NULL),
(23, 10, NULL),
(23, 11, NULL),
(23, 12, NULL),
(23, 13, NULL),
(23, 14, NULL),
(23, 16, NULL),
(23, 18, NULL),
(23, 19, NULL),
(23, 24, NULL),
(23, 25, NULL),
(23, 26, NULL),
(23, 27, NULL),
(23, 28, NULL),
(23, 37, NULL),
(23, 40, NULL),
(23, 43, NULL),
(23, 53, NULL),
(23, 54, NULL),
(23, 55, NULL),
(23, 61, NULL),
(23, 74, NULL),
(23, 75, NULL),
(23, 76, NULL),
(23, 77, NULL),
(23, 78, NULL),
(23, 79, NULL),
(23, 80, NULL),
(23, 92, NULL),
(24, 1, NULL),
(24, 3, NULL),
(24, 9, NULL),
(24, 10, NULL),
(24, 11, NULL),
(24, 12, NULL),
(24, 13, NULL),
(24, 15, NULL),
(24, 16, NULL),
(24, 17, NULL),
(24, 18, NULL),
(24, 19, NULL),
(24, 25, NULL),
(24, 26, NULL),
(24, 27, NULL),
(24, 28, NULL),
(24, 54, NULL),
(24, 55, NULL),
(24, 61, NULL),
(24, 65, NULL),
(24, 66, NULL),
(24, 74, NULL),
(24, 75, NULL),
(24, 76, NULL),
(24, 77, NULL),
(24, 78, NULL),
(24, 79, NULL),
(24, 80, NULL),
(25, 4, NULL),
(25, 5, NULL),
(25, 6, NULL),
(25, 7, NULL),
(25, 8, NULL),
(25, 23, NULL),
(25, 37, NULL),
(25, 40, NULL),
(25, 49, NULL),
(25, 53, NULL),
(25, 54, NULL),
(25, 55, NULL),
(25, 61, NULL),
(25, 62, NULL),
(25, 67, NULL),
(26, 3, NULL),
(26, 4, NULL),
(26, 5, NULL),
(26, 6, NULL),
(26, 7, NULL),
(26, 8, NULL),
(26, 9, NULL),
(26, 10, NULL),
(26, 11, NULL),
(26, 12, NULL),
(26, 13, NULL),
(26, 16, NULL),
(26, 23, NULL),
(26, 24, NULL),
(26, 36, NULL),
(26, 37, NULL),
(26, 38, NULL),
(26, 39, NULL),
(26, 40, NULL),
(26, 41, NULL),
(26, 42, NULL),
(26, 43, NULL),
(26, 44, NULL),
(26, 45, NULL),
(26, 46, NULL),
(26, 47, NULL),
(26, 48, NULL),
(26, 49, NULL),
(26, 50, NULL),
(26, 51, NULL),
(26, 52, NULL),
(26, 53, NULL),
(26, 54, NULL),
(26, 55, NULL),
(26, 57, NULL),
(26, 58, NULL),
(26, 59, NULL),
(26, 60, NULL),
(26, 61, NULL),
(26, 62, NULL),
(26, 69, NULL),
(26, 83, NULL),
(27, 4, NULL),
(27, 5, NULL),
(27, 6, NULL),
(27, 7, NULL),
(27, 8, NULL),
(27, 14, NULL),
(27, 24, NULL),
(27, 37, NULL),
(27, 38, NULL),
(27, 39, NULL),
(27, 40, NULL),
(27, 41, NULL),
(27, 42, NULL),
(27, 43, NULL),
(27, 44, NULL),
(27, 45, NULL),
(27, 46, NULL),
(27, 47, NULL),
(27, 48, NULL),
(27, 50, NULL),
(27, 51, NULL),
(27, 53, NULL),
(27, 54, NULL),
(27, 55, NULL),
(27, 64, NULL),
(27, 89, NULL),
(27, 90, NULL),
(28, 2, NULL),
(28, 4, NULL),
(28, 5, NULL),
(28, 6, NULL),
(28, 7, NULL),
(28, 8, NULL),
(28, 9, NULL),
(28, 10, NULL),
(28, 11, NULL),
(28, 12, NULL),
(28, 13, NULL),
(28, 14, NULL),
(28, 16, NULL),
(28, 20, NULL),
(28, 21, NULL),
(28, 22, NULL),
(28, 23, NULL),
(28, 24, NULL),
(28, 27, NULL),
(28, 28, NULL),
(28, 29, NULL),
(28, 33, NULL),
(28, 37, NULL),
(28, 38, NULL),
(28, 39, NULL),
(28, 40, NULL),
(28, 41, NULL),
(28, 42, NULL),
(28, 43, NULL),
(28, 44, NULL),
(28, 45, NULL),
(28, 46, NULL),
(28, 47, NULL),
(28, 48, NULL),
(28, 49, NULL),
(28, 51, NULL),
(28, 52, NULL),
(28, 53, NULL),
(28, 54, NULL),
(28, 55, NULL),
(28, 57, NULL),
(28, 58, NULL),
(28, 59, NULL),
(28, 60, NULL),
(28, 61, NULL),
(28, 62, NULL),
(28, 64, NULL),
(28, 73, NULL),
(28, 86, NULL),
(28, 87, NULL),
(28, 88, NULL),
(29, 1, NULL),
(29, 29, NULL),
(29, 30, NULL),
(29, 31, NULL),
(29, 32, NULL),
(29, 33, NULL),
(29, 34, NULL),
(29, 35, NULL),
(30, 1, NULL),
(30, 2, NULL),
(30, 3, NULL),
(30, 9, NULL),
(30, 10, NULL),
(30, 11, NULL),
(30, 12, NULL),
(30, 13, NULL),
(30, 14, NULL),
(30, 16, NULL),
(30, 18, NULL),
(30, 19, NULL),
(30, 20, NULL),
(30, 21, NULL),
(30, 22, NULL),
(30, 23, NULL),
(30, 24, NULL),
(30, 25, NULL),
(30, 26, NULL),
(30, 27, NULL),
(30, 28, NULL),
(30, 48, NULL),
(30, 50, NULL),
(30, 54, NULL),
(30, 55, NULL),
(30, 58, NULL),
(30, 59, NULL),
(30, 64, NULL),
(30, 92, NULL),
(31, 4, NULL),
(31, 5, NULL),
(31, 6, NULL),
(31, 7, NULL),
(31, 8, NULL),
(31, 14, NULL),
(31, 18, NULL),
(31, 19, NULL),
(31, 24, NULL),
(31, 25, NULL),
(31, 26, NULL),
(31, 30, NULL),
(31, 31, NULL),
(31, 34, NULL),
(31, 35, NULL),
(31, 37, NULL),
(31, 38, NULL),
(31, 39, NULL),
(31, 40, NULL),
(31, 41, NULL),
(31, 42, NULL),
(31, 43, NULL),
(31, 44, NULL),
(31, 45, NULL),
(31, 46, NULL),
(31, 47, NULL),
(31, 48, NULL),
(31, 49, NULL),
(31, 51, NULL),
(31, 52, NULL),
(31, 53, NULL),
(31, 54, NULL),
(31, 55, NULL),
(31, 56, NULL),
(31, 57, NULL),
(31, 58, NULL),
(31, 59, NULL),
(31, 64, NULL),
(31, 86, NULL),
(32, 4, NULL),
(32, 5, NULL),
(32, 6, NULL),
(32, 7, NULL),
(32, 8, NULL),
(32, 27, NULL),
(32, 28, NULL),
(32, 37, NULL),
(32, 38, NULL),
(32, 39, NULL),
(32, 40, NULL),
(32, 41, NULL),
(32, 42, NULL),
(32, 43, NULL),
(32, 44, NULL),
(32, 45, NULL),
(32, 46, NULL),
(32, 47, NULL),
(32, 49, NULL),
(32, 53, NULL),
(32, 56, NULL),
(32, 62, NULL),
(33, 2, NULL),
(33, 4, NULL),
(33, 5, NULL),
(33, 6, NULL),
(33, 7, NULL),
(33, 8, NULL),
(33, 9, NULL),
(33, 10, NULL),
(33, 11, NULL),
(33, 12, NULL),
(33, 13, NULL),
(33, 14, NULL),
(33, 16, NULL),
(33, 20, NULL),
(33, 21, NULL),
(33, 22, NULL),
(33, 23, NULL),
(33, 24, NULL),
(33, 27, NULL),
(33, 28, NULL),
(33, 29, NULL),
(33, 33, NULL),
(33, 37, NULL),
(33, 38, NULL),
(33, 39, NULL),
(33, 40, NULL),
(33, 41, NULL),
(33, 42, NULL),
(33, 43, NULL),
(33, 44, NULL),
(33, 45, NULL),
(33, 46, NULL),
(33, 47, NULL),
(33, 48, NULL),
(33, 49, NULL),
(33, 51, NULL),
(33, 52, NULL),
(33, 53, NULL),
(33, 54, NULL),
(33, 55, NULL),
(33, 57, NULL),
(33, 58, NULL),
(33, 59, NULL),
(33, 60, NULL),
(33, 61, NULL),
(33, 62, NULL),
(33, 64, NULL),
(33, 73, NULL),
(33, 86, NULL),
(33, 87, NULL),
(34, 9, NULL),
(34, 10, NULL),
(34, 11, NULL),
(34, 12, NULL),
(34, 13, NULL),
(34, 16, NULL),
(34, 54, NULL),
(34, 55, NULL),
(34, 61, NULL),
(34, 63, NULL),
(34, 65, NULL),
(34, 66, NULL),
(34, 68, NULL),
(34, 70, NULL),
(34, 71, NULL),
(34, 72, NULL),
(34, 73, NULL),
(34, 92, NULL),
(35, 1, NULL),
(35, 2, NULL),
(35, 3, NULL),
(35, 4, NULL),
(35, 5, NULL),
(35, 6, NULL),
(35, 7, NULL),
(35, 8, NULL),
(35, 9, NULL),
(35, 10, NULL),
(35, 11, NULL),
(35, 12, NULL),
(35, 13, NULL),
(35, 14, NULL),
(35, 15, NULL),
(35, 16, NULL),
(35, 17, NULL),
(35, 18, NULL),
(35, 19, NULL),
(35, 20, NULL),
(35, 21, NULL),
(35, 22, NULL),
(35, 23, NULL),
(35, 24, NULL),
(35, 25, NULL),
(35, 26, NULL),
(35, 27, NULL),
(35, 28, NULL),
(35, 29, NULL),
(35, 30, NULL),
(35, 31, NULL),
(35, 33, NULL),
(35, 34, NULL),
(35, 35, NULL),
(35, 37, NULL),
(35, 38, NULL),
(35, 39, NULL),
(35, 40, NULL),
(35, 41, NULL),
(35, 42, NULL),
(35, 43, NULL),
(35, 44, NULL),
(35, 45, NULL),
(35, 46, NULL),
(35, 47, NULL),
(35, 48, NULL),
(35, 49, NULL),
(35, 51, NULL),
(35, 53, NULL),
(35, 54, NULL),
(35, 55, NULL),
(35, 58, NULL),
(35, 59, NULL),
(35, 61, NULL),
(35, 64, NULL),
(35, 65, NULL),
(35, 66, NULL),
(35, 69, NULL),
(35, 81, NULL),
(35, 82, NULL),
(35, 83, NULL),
(35, 84, NULL),
(35, 85, NULL),
(35, 86, NULL),
(35, 87, NULL),
(35, 92, NULL),
(35, 93, NULL),
(35, 94, NULL),
(36, 1, NULL),
(36, 2, NULL),
(36, 3, NULL),
(36, 9, NULL),
(36, 10, NULL),
(36, 11, NULL),
(36, 12, NULL),
(36, 13, NULL),
(36, 16, NULL),
(36, 18, NULL),
(36, 19, NULL),
(36, 20, NULL),
(36, 21, NULL),
(36, 22, NULL),
(36, 23, NULL),
(36, 25, NULL),
(36, 26, NULL),
(36, 27, NULL),
(36, 28, NULL),
(36, 30, NULL),
(36, 31, NULL),
(36, 33, NULL),
(36, 35, NULL),
(36, 54, NULL),
(36, 55, NULL),
(36, 61, NULL),
(36, 65, NULL),
(36, 66, NULL),
(36, 73, NULL),
(36, 86, NULL),
(36, 87, NULL),
(36, 91, NULL),
(36, 95, NULL),
(37, 1, NULL),
(37, 3, NULL),
(37, 4, NULL),
(37, 5, NULL),
(37, 6, NULL),
(37, 7, NULL),
(37, 8, NULL),
(37, 9, NULL),
(37, 10, NULL),
(37, 11, NULL),
(37, 12, NULL),
(37, 13, NULL),
(37, 14, NULL),
(37, 16, NULL),
(37, 18, NULL),
(37, 19, NULL),
(37, 20, NULL),
(37, 21, NULL),
(37, 22, NULL),
(37, 23, NULL),
(37, 24, NULL),
(37, 25, NULL),
(37, 26, NULL),
(37, 27, NULL),
(37, 28, NULL),
(37, 29, NULL),
(37, 30, NULL),
(37, 31, NULL),
(37, 33, NULL),
(37, 34, NULL),
(37, 35, NULL),
(37, 37, NULL),
(37, 38, NULL),
(37, 39, NULL),
(37, 40, NULL),
(37, 41, NULL),
(37, 42, NULL),
(37, 43, NULL),
(37, 44, NULL),
(37, 45, NULL),
(37, 46, NULL),
(37, 47, NULL),
(37, 48, NULL),
(37, 49, NULL),
(37, 51, NULL),
(37, 53, NULL),
(37, 54, NULL),
(37, 55, NULL),
(37, 58, NULL),
(37, 59, NULL),
(37, 61, NULL),
(37, 63, NULL),
(37, 64, NULL),
(37, 65, NULL),
(37, 66, NULL),
(37, 67, NULL),
(37, 68, NULL),
(37, 69, NULL),
(37, 74, NULL),
(37, 75, NULL),
(37, 76, NULL),
(37, 77, NULL),
(37, 78, NULL),
(37, 79, NULL),
(37, 80, NULL),
(37, 81, NULL),
(37, 83, NULL),
(37, 84, NULL),
(37, 85, NULL),
(37, 86, NULL),
(37, 87, NULL),
(37, 92, NULL),
(37, 93, NULL),
(37, 94, NULL),
(38, 1, NULL),
(38, 3, NULL),
(38, 9, NULL),
(38, 10, NULL),
(38, 11, NULL),
(38, 12, NULL),
(38, 13, NULL),
(38, 15, NULL),
(38, 16, NULL),
(38, 17, NULL),
(38, 18, NULL),
(38, 19, NULL),
(38, 25, NULL),
(38, 26, NULL),
(38, 27, NULL),
(38, 28, NULL),
(38, 54, NULL),
(38, 55, NULL),
(38, 61, NULL),
(38, 65, NULL),
(38, 66, NULL),
(38, 74, NULL),
(38, 75, NULL),
(38, 76, NULL),
(38, 77, NULL),
(38, 78, NULL),
(38, 79, NULL),
(38, 80, NULL),
(39, 2, NULL),
(39, 4, NULL),
(39, 5, NULL),
(39, 6, NULL),
(39, 7, NULL),
(39, 8, NULL),
(39, 14, NULL),
(39, 24, NULL),
(39, 37, NULL),
(39, 38, NULL),
(39, 39, NULL),
(39, 40, NULL),
(39, 41, NULL),
(39, 42, NULL),
(39, 43, NULL),
(39, 44, NULL),
(39, 45, NULL),
(39, 46, NULL),
(39, 47, NULL),
(39, 48, NULL),
(39, 50, NULL),
(39, 51, NULL),
(39, 53, NULL),
(39, 54, NULL),
(39, 55, NULL),
(39, 57, NULL),
(39, 60, NULL),
(39, 64, NULL),
(39, 89, NULL),
(39, 90, NULL),
(40, 1, NULL),
(40, 2, NULL),
(40, 3, NULL),
(40, 4, NULL),
(40, 5, NULL),
(40, 6, NULL),
(40, 7, NULL),
(40, 8, NULL),
(40, 9, NULL),
(40, 10, NULL),
(40, 11, NULL),
(40, 12, NULL),
(40, 13, NULL),
(40, 14, NULL),
(40, 16, NULL),
(40, 18, NULL),
(40, 19, NULL),
(40, 20, NULL),
(40, 21, NULL),
(40, 22, NULL),
(40, 23, NULL),
(40, 24, NULL),
(40, 25, NULL),
(40, 26, NULL),
(40, 27, NULL),
(40, 28, NULL),
(40, 33, NULL),
(40, 37, NULL),
(40, 38, NULL),
(40, 39, NULL),
(40, 40, NULL),
(40, 41, NULL),
(40, 42, NULL),
(40, 43, NULL),
(40, 44, NULL),
(40, 45, NULL),
(40, 46, NULL),
(40, 47, NULL),
(40, 48, NULL),
(40, 49, NULL),
(40, 51, NULL),
(40, 52, NULL),
(40, 53, NULL),
(40, 54, NULL),
(40, 55, NULL),
(40, 56, NULL),
(40, 57, NULL),
(40, 58, NULL),
(40, 59, NULL),
(40, 60, NULL),
(40, 61, NULL),
(40, 62, NULL),
(40, 63, NULL),
(40, 65, NULL),
(40, 66, NULL),
(40, 68, NULL),
(40, 86, NULL),
(40, 87, NULL),
(41, 1, NULL),
(41, 2, NULL),
(41, 3, NULL),
(41, 4, NULL),
(41, 5, NULL),
(41, 6, NULL),
(41, 7, NULL),
(41, 8, NULL),
(41, 9, NULL),
(41, 10, NULL),
(41, 11, NULL),
(41, 12, NULL),
(41, 13, NULL),
(41, 14, NULL),
(41, 16, NULL),
(41, 18, NULL),
(41, 19, NULL),
(41, 20, NULL),
(41, 21, NULL),
(41, 22, NULL),
(41, 23, NULL),
(41, 24, NULL),
(41, 25, NULL),
(41, 26, NULL),
(41, 27, NULL),
(41, 28, NULL),
(41, 29, NULL),
(41, 37, NULL),
(41, 38, NULL),
(41, 39, NULL),
(41, 40, NULL),
(41, 41, NULL),
(41, 42, NULL),
(41, 43, NULL),
(41, 44, NULL),
(41, 45, NULL),
(41, 46, NULL),
(41, 47, NULL),
(41, 48, NULL),
(41, 49, NULL),
(41, 51, NULL),
(41, 53, NULL),
(41, 54, NULL),
(41, 55, NULL),
(41, 58, NULL),
(41, 59, NULL),
(41, 61, NULL),
(41, 62, NULL),
(41, 64, NULL),
(41, 65, NULL),
(41, 66, NULL),
(41, 82, NULL),
(41, 92, NULL),
(42, 1, NULL),
(42, 29, NULL),
(42, 30, NULL),
(42, 31, NULL),
(42, 32, NULL),
(42, 33, NULL),
(42, 34, NULL),
(42, 35, NULL),
(43, 1, NULL),
(43, 3, NULL),
(43, 4, NULL),
(43, 5, NULL),
(43, 6, NULL),
(43, 7, NULL),
(43, 8, NULL),
(43, 9, NULL),
(43, 10, NULL),
(43, 11, NULL),
(43, 12, NULL),
(43, 13, NULL),
(43, 14, NULL),
(43, 16, NULL),
(43, 18, NULL),
(43, 19, NULL),
(43, 24, NULL),
(43, 25, NULL),
(43, 26, NULL),
(43, 27, NULL),
(43, 30, NULL),
(43, 31, NULL),
(43, 34, NULL),
(43, 35, NULL),
(43, 37, NULL),
(43, 38, NULL),
(43, 39, NULL),
(43, 40, NULL),
(43, 41, NULL),
(43, 42, NULL),
(43, 43, NULL),
(43, 44, NULL),
(43, 45, NULL),
(43, 46, NULL),
(43, 47, NULL),
(43, 48, NULL),
(43, 49, NULL),
(43, 51, NULL),
(43, 53, NULL),
(43, 54, NULL),
(43, 55, NULL),
(43, 56, NULL),
(43, 58, NULL),
(43, 59, NULL),
(43, 64, NULL),
(44, 1, NULL),
(44, 2, NULL),
(44, 3, NULL),
(44, 9, NULL),
(44, 10, NULL),
(44, 11, NULL),
(44, 12, NULL),
(44, 13, NULL),
(44, 14, NULL),
(44, 16, NULL),
(44, 18, NULL),
(44, 19, NULL),
(44, 20, NULL),
(44, 21, NULL),
(44, 22, NULL),
(44, 23, NULL),
(44, 24, NULL),
(44, 25, NULL),
(44, 26, NULL),
(44, 27, NULL),
(44, 28, NULL),
(44, 48, NULL),
(44, 50, NULL),
(44, 54, NULL),
(44, 55, NULL),
(44, 58, NULL),
(44, 59, NULL),
(44, 64, NULL),
(44, 92, NULL),
(45, 18, NULL),
(45, 19, NULL),
(45, 24, NULL),
(45, 25, NULL),
(45, 26, NULL),
(45, 54, NULL),
(45, 55, NULL),
(45, 59, NULL),
(46, 12, NULL),
(46, 14, NULL),
(46, 20, NULL),
(46, 21, NULL),
(46, 22, NULL),
(46, 23, NULL),
(46, 24, NULL),
(46, 48, NULL),
(46, 50, NULL),
(46, 53, NULL),
(46, 59, NULL),
(46, 62, NULL),
(46, 64, NULL),
(46, 70, NULL),
(46, 71, NULL),
(46, 72, NULL),
(46, 82, NULL),
(46, 89, NULL),
(47, 2, NULL),
(47, 4, NULL),
(47, 5, NULL),
(47, 6, NULL),
(47, 7, NULL),
(47, 8, NULL),
(47, 14, NULL),
(47, 20, NULL),
(47, 21, NULL),
(47, 22, NULL),
(47, 23, NULL),
(47, 24, NULL),
(47, 37, NULL),
(47, 38, NULL),
(47, 39, NULL),
(47, 40, NULL),
(47, 41, NULL),
(47, 42, NULL),
(47, 43, NULL),
(47, 44, NULL),
(47, 45, NULL),
(47, 46, NULL),
(47, 47, NULL),
(47, 48, NULL),
(47, 49, NULL),
(47, 50, NULL),
(47, 51, NULL),
(47, 53, NULL),
(47, 56, NULL),
(47, 59, NULL),
(47, 61, NULL),
(47, 62, NULL),
(47, 64, NULL),
(47, 82, NULL),
(48, 1, NULL),
(48, 2, NULL),
(48, 3, NULL),
(48, 9, NULL),
(48, 10, NULL),
(48, 11, NULL),
(48, 12, NULL),
(48, 13, NULL),
(48, 16, NULL),
(48, 18, NULL),
(48, 19, NULL),
(48, 20, NULL),
(48, 21, NULL),
(48, 22, NULL),
(48, 23, NULL),
(48, 25, NULL),
(48, 26, NULL),
(48, 27, NULL),
(48, 28, NULL),
(48, 52, NULL),
(48, 54, NULL),
(48, 55, NULL),
(48, 61, NULL),
(48, 91, NULL),
(48, 96, NULL),
(49, 1, NULL),
(49, 3, NULL),
(49, 9, NULL),
(49, 10, NULL),
(49, 11, NULL),
(49, 12, NULL),
(49, 13, NULL),
(49, 16, NULL),
(49, 18, NULL),
(49, 19, NULL),
(49, 20, NULL),
(49, 21, NULL),
(49, 22, NULL),
(49, 23, NULL),
(49, 25, NULL),
(49, 26, NULL),
(49, 27, NULL),
(49, 28, NULL),
(49, 41, NULL),
(49, 54, NULL),
(49, 55, NULL),
(49, 61, NULL),
(49, 88, NULL),
(49, 92, NULL),
(50, 14, NULL),
(50, 24, NULL),
(50, 48, NULL),
(50, 53, NULL),
(50, 56, NULL),
(50, 58, NULL),
(50, 63, NULL),
(50, 64, NULL),
(50, 68, NULL),
(51, 1, NULL),
(51, 4, NULL),
(51, 5, NULL),
(51, 6, NULL),
(51, 7, NULL),
(51, 8, NULL),
(51, 20, NULL),
(51, 21, NULL),
(51, 22, NULL),
(51, 23, NULL),
(51, 37, NULL),
(51, 40, NULL),
(51, 49, NULL),
(51, 53, NULL),
(51, 54, NULL),
(51, 55, NULL),
(51, 61, NULL),
(51, 62, NULL),
(51, 67, NULL),
(51, 69, NULL),
(51, 88, NULL),
(51, 91, NULL),
(51, 92, NULL),
(52, 1, NULL),
(52, 2, NULL),
(52, 3, NULL),
(52, 4, NULL),
(52, 5, NULL),
(52, 6, NULL),
(52, 7, NULL),
(52, 8, NULL),
(52, 9, NULL),
(52, 10, NULL),
(52, 11, NULL),
(52, 12, NULL),
(52, 13, NULL),
(52, 14, NULL),
(52, 16, NULL),
(52, 18, NULL),
(52, 19, NULL),
(52, 20, NULL),
(52, 21, NULL),
(52, 22, NULL),
(52, 23, NULL),
(52, 24, NULL),
(52, 25, NULL),
(52, 26, NULL),
(52, 27, NULL),
(52, 28, NULL),
(52, 37, NULL),
(52, 38, NULL),
(52, 39, NULL),
(52, 40, NULL),
(52, 41, NULL),
(52, 42, NULL),
(52, 43, NULL),
(52, 44, NULL),
(52, 45, NULL),
(52, 46, NULL),
(52, 47, NULL),
(52, 48, NULL),
(52, 49, NULL),
(52, 51, NULL),
(52, 52, NULL),
(52, 54, NULL),
(52, 55, NULL),
(52, 56, NULL),
(52, 57, NULL),
(52, 58, NULL),
(52, 59, NULL),
(52, 61, NULL),
(52, 64, NULL),
(52, 65, NULL),
(52, 66, NULL),
(53, 1, NULL),
(53, 3, NULL),
(53, 9, NULL),
(53, 10, NULL),
(53, 11, NULL),
(53, 12, NULL),
(53, 13, NULL),
(53, 16, NULL),
(53, 18, NULL),
(53, 19, NULL),
(53, 20, NULL),
(53, 21, NULL),
(53, 22, NULL),
(53, 23, NULL),
(53, 25, NULL),
(53, 26, NULL),
(53, 27, NULL),
(53, 28, NULL),
(53, 54, NULL),
(53, 55, NULL),
(53, 59, NULL),
(53, 61, NULL),
(53, 65, NULL),
(53, 66, NULL),
(53, 92, NULL),
(53, 97, NULL),
(54, 1, NULL),
(54, 2, NULL),
(54, 3, NULL),
(54, 9, NULL),
(54, 10, NULL),
(54, 11, NULL),
(54, 12, NULL),
(54, 13, NULL),
(54, 16, NULL),
(54, 18, NULL),
(54, 19, NULL),
(54, 20, NULL),
(54, 21, NULL),
(54, 22, NULL),
(54, 23, NULL),
(54, 25, NULL),
(54, 26, NULL),
(54, 27, NULL),
(54, 28, NULL),
(54, 54, NULL),
(54, 55, NULL),
(54, 59, NULL),
(54, 61, NULL),
(54, 65, NULL),
(54, 66, NULL),
(54, 82, NULL),
(54, 84, NULL),
(54, 85, NULL),
(55, 2, NULL),
(55, 4, NULL),
(55, 5, NULL),
(55, 6, NULL),
(55, 7, NULL),
(55, 8, NULL),
(55, 14, NULL),
(55, 24, NULL),
(55, 37, NULL),
(55, 38, NULL),
(55, 39, NULL),
(55, 40, NULL),
(55, 41, NULL),
(55, 42, NULL),
(55, 43, NULL),
(55, 44, NULL),
(55, 45, NULL),
(55, 46, NULL),
(55, 47, NULL),
(55, 49, NULL),
(55, 54, NULL),
(55, 55, NULL),
(55, 61, NULL),
(56, 9, NULL),
(56, 10, NULL),
(56, 11, NULL),
(56, 12, NULL),
(56, 13, NULL),
(56, 16, NULL),
(56, 54, NULL),
(56, 55, NULL),
(56, 61, NULL),
(56, 63, NULL),
(56, 68, NULL),
(56, 73, NULL),
(57, 1, NULL),
(57, 2, NULL),
(57, 4, NULL),
(57, 5, NULL),
(57, 6, NULL),
(57, 7, NULL),
(57, 8, NULL),
(57, 9, NULL),
(57, 10, NULL),
(57, 11, NULL),
(57, 12, NULL),
(57, 13, NULL),
(57, 16, NULL),
(57, 20, NULL),
(57, 21, NULL),
(57, 22, NULL),
(57, 23, NULL),
(57, 29, NULL),
(57, 37, NULL),
(57, 38, NULL),
(57, 39, NULL),
(57, 40, NULL),
(57, 41, NULL),
(57, 42, NULL),
(57, 43, NULL),
(57, 44, NULL),
(57, 45, NULL),
(57, 46, NULL),
(57, 47, NULL),
(57, 49, NULL),
(57, 54, NULL),
(57, 55, NULL),
(57, 61, NULL),
(57, 69, NULL),
(57, 83, NULL),
(57, 92, NULL),
(57, 93, NULL),
(57, 94, NULL),
(57, 97, NULL),
(58, 1, NULL),
(58, 9, NULL),
(58, 10, NULL),
(58, 11, NULL),
(58, 12, NULL),
(58, 13, NULL),
(58, 14, NULL),
(58, 16, NULL),
(58, 19, NULL),
(58, 20, NULL),
(58, 21, NULL),
(58, 22, NULL),
(58, 23, NULL),
(58, 24, NULL),
(58, 29, NULL),
(58, 54, NULL),
(58, 55, NULL),
(58, 61, NULL),
(58, 97, NULL),
(59, 1, NULL),
(59, 3, NULL),
(59, 9, NULL),
(59, 10, NULL),
(59, 11, NULL),
(59, 12, NULL),
(59, 13, NULL),
(59, 16, NULL),
(59, 18, NULL),
(59, 19, NULL),
(59, 20, NULL),
(59, 21, NULL),
(59, 22, NULL),
(59, 23, NULL),
(59, 27, NULL),
(59, 54, NULL),
(59, 55, NULL),
(59, 59, NULL),
(59, 61, NULL),
(59, 65, NULL),
(59, 66, NULL),
(59, 88, NULL);

-- --------------------------------------------------------

--
-- Table structure for table `evidence_icd`
--

CREATE TABLE `evidence_icd` (
  `id` int NOT NULL,
  `case_event_id` int NOT NULL,
  `icd_code` varchar(64) NOT NULL,
  `event_date` date DEFAULT NULL,
  `encounter_id` varchar(64) DEFAULT NULL,
  `details` text,
  `created_at` timestamp NULL DEFAULT CURRENT_TIMESTAMP
) ENGINE=InnoDB DEFAULT CHARSET=utf8mb4 COLLATE=utf8mb4_0900_ai_ci;

-- --------------------------------------------------------

--
-- Table structure for table `evidence_lab`
--

CREATE TABLE `evidence_lab` (
  `id` int NOT NULL,
  `case_event_id` int NOT NULL,
  `test` varchar(128) NOT NULL,
  `value` varchar(64) DEFAULT NULL,
  `units` varchar(32) DEFAULT NULL,
  `ref_low` varchar(32) DEFAULT NULL,
  `ref_high` varchar(32) DEFAULT NULL,
  `threshold_met` tinyint(1) DEFAULT NULL,
  `sample_datetime` datetime DEFAULT NULL,
  `created_at` timestamp NULL DEFAULT CURRENT_TIMESTAMP
) ENGINE=InnoDB DEFAULT CHARSET=utf8mb4 COLLATE=utf8mb4_0900_ai_ci;

-- --------------------------------------------------------

--
-- Table structure for table `evidence_note`
--

CREATE TABLE `evidence_note` (
  `id` int NOT NULL,
  `case_event_id` int NOT NULL,
  `note_type` varchar(64) DEFAULT NULL,
  `filename` varchar(255) DEFAULT NULL,
  `url` varchar(512) DEFAULT NULL,
  `version` int DEFAULT NULL,
  `uploaded_by` int DEFAULT NULL,
  `uploaded_at` timestamp NULL DEFAULT CURRENT_TIMESTAMP
) ENGINE=InnoDB DEFAULT CHARSET=utf8mb4 COLLATE=utf8mb4_0900_ai_ci;

-- --------------------------------------------------------

--
-- Table structure for table `patients`
--

CREATE TABLE `patients` (
  `id` int NOT NULL,
  `patient_code` varchar(64) NOT NULL,
  `randomisation_date` date NOT NULL,
  `followup_end_date` date NOT NULL,
  `index_drug_id` int NOT NULL,
  `created_by` int DEFAULT NULL,
  `created_at` timestamp NULL DEFAULT CURRENT_TIMESTAMP
) ENGINE=InnoDB DEFAULT CHARSET=utf8mb4 COLLATE=utf8mb4_0900_ai_ci;

--
-- Dumping data for table `patients`
--

INSERT INTO `patients` (`id`, `patient_code`, `randomisation_date`, `followup_end_date`, `index_drug_id`, `created_by`, `created_at`) VALUES
(1, 'test1', '2025-06-01', '2025-09-01', 56, NULL, '2025-09-06 06:44:33'),
(2, 'test2', '2025-07-01', '2025-10-01', 3, NULL, '2025-09-06 08:46:33'),
(3, 'test3', '2025-07-01', '2025-10-01', 42, NULL, '2025-09-06 09:09:58'),
(4, 'test4', '2025-05-01', '2025-08-01', 51, NULL, '2025-09-06 10:59:00');

-- --------------------------------------------------------

--
-- Table structure for table `patient_concomitant_drug`
--

CREATE TABLE `patient_concomitant_drug` (
  `patient_id` int NOT NULL,
  `drug_id` int NOT NULL,
  `start_date` date DEFAULT NULL,
  `stop_date` date DEFAULT NULL
) ENGINE=InnoDB DEFAULT CHARSET=utf8mb4 COLLATE=utf8mb4_0900_ai_ci;

--
-- Dumping data for table `patient_concomitant_drug`
--

INSERT INTO `patient_concomitant_drug` (`patient_id`, `drug_id`, `start_date`, `stop_date`) VALUES
(4, 2, NULL, NULL),
(4, 21, NULL, NULL),
(4, 25, NULL, NULL);

-- --------------------------------------------------------

--
-- Table structure for table `users`
--

CREATE TABLE `users` (
  `id` int NOT NULL,
  `email` varchar(255) NOT NULL,
  `name` varchar(255) NOT NULL,
  `role` enum('adjudicator','coordinator','chair','admin') NOT NULL DEFAULT 'adjudicator',
  `password_hash` varchar(255) NOT NULL,
  `active` tinyint(1) NOT NULL DEFAULT '1',
  `created_at` timestamp NULL DEFAULT CURRENT_TIMESTAMP
) ENGINE=InnoDB DEFAULT CHARSET=utf8mb4 COLLATE=utf8mb4_0900_ai_ci;

--
-- Dumping data for table `users`
--

INSERT INTO `users` (`id`, `email`, `name`, `role`, `password_hash`, `active`, `created_at`) VALUES
(6, 'admin@phoenix.gla.ac.uk', 'Admin', 'admin', '$2y$10$6Wv66FeSZk7ZXCHHS7JadOCsMd3NLYp915PQUZWDkjZHhXB.uVpDe', 1, '2025-09-06 06:28:41'),
(7, 'sandosh.padmanabhan@glasgow.ac.uk', 'sandosh', 'adjudicator', '$2y$10$Ts8qLMu6IQtGcWhKJO4aLO6L3MSLcRFVRuxy8AYDvW9ugFiQNBzSW', 1, '2025-09-06 06:28:41'),
(8, 'stefanie.lip@glasgow.ac.uk', 'stefanie', 'adjudicator', '$2y$10$BFQACw9SbRZ/ZjWbkCpjjenKKmvh0CTCJd.Q9f.3TUlHNUvN/9mxq', 1, '2025-09-06 06:28:41'),
(9, 'iain.frater@glasgow.ac.uk', 'iain', 'adjudicator', '$2y$10$gBC/keIoQ6uSf.BEFL5zUesZx0USpZEygCxQjPlbCDl/ByfFhW9nK', 1, '2025-09-06 06:28:41'),
(10, 'chair@phoenix.gla.ac.uk', 'Chair', 'chair', '$2y$10$6Wv66FeSZk7ZXCHHS7JadOCsMd3NLYp915PQUZWDkjZHhXB.uVpDe', 1, '2025-09-06 06:28:41');

--
-- Indexes for dumped tables
--

--
-- Indexes for table `adjudication`
--
ALTER TABLE `adjudication`
  ADD PRIMARY KEY (`id`),
  ADD UNIQUE KEY `uniq_adj` (`case_event_id`,`adjudicator_id`),
  ADD KEY `fk_adj_user` (`adjudicator_id`);

--
-- Indexes for table `adjudication_drug`
--
ALTER TABLE `adjudication_drug`
  ADD PRIMARY KEY (`adjudication_id`,`drug_id`),
  ADD KEY `fk_adjdrug_drug` (`drug_id`);

--
-- Indexes for table `audit_log`
--
ALTER TABLE `audit_log`
  ADD PRIMARY KEY (`id`);

--
-- Indexes for table `case_event`
--
ALTER TABLE `case_event`
  ADD PRIMARY KEY (`id`),
  ADD KEY `fk_caseevent_patient` (`patient_id`),
  ADD KEY `fk_caseevent_event` (`dict_event_id`);

--
-- Indexes for table `consensus`
--
ALTER TABLE `consensus`
  ADD PRIMARY KEY (`id`),
  ADD UNIQUE KEY `case_event_id` (`case_event_id`),
  ADD KEY `fk_cons_user` (`decided_by`);

--
-- Indexes for table `dictionary_event`
--
ALTER TABLE `dictionary_event`
  ADD PRIMARY KEY (`id`),
  ADD UNIQUE KEY `uniq_event` (`diagnosis`,`icd10_norm`,`source`);

--
-- Indexes for table `drugs`
--
ALTER TABLE `drugs`
  ADD PRIMARY KEY (`id`),
  ADD UNIQUE KEY `name` (`name`);

--
-- Indexes for table `drug_event_map`
--
ALTER TABLE `drug_event_map`
  ADD PRIMARY KEY (`drug_id`,`dict_event_id`),
  ADD KEY `fk_dem_event` (`dict_event_id`);

--
-- Indexes for table `evidence_icd`
--
ALTER TABLE `evidence_icd`
  ADD PRIMARY KEY (`id`),
  ADD KEY `fk_eicd_case` (`case_event_id`);

--
-- Indexes for table `evidence_lab`
--
ALTER TABLE `evidence_lab`
  ADD PRIMARY KEY (`id`),
  ADD KEY `fk_elab_case` (`case_event_id`);

--
-- Indexes for table `evidence_note`
--
ALTER TABLE `evidence_note`
  ADD PRIMARY KEY (`id`),
  ADD KEY `fk_enote_case` (`case_event_id`);

--
-- Indexes for table `patients`
--
ALTER TABLE `patients`
  ADD PRIMARY KEY (`id`),
  ADD UNIQUE KEY `patient_code` (`patient_code`),
  ADD KEY `fk_patients_drug` (`index_drug_id`),
  ADD KEY `fk_patients_user` (`created_by`);

--
-- Indexes for table `patient_concomitant_drug`
--
ALTER TABLE `patient_concomitant_drug`
  ADD PRIMARY KEY (`patient_id`,`drug_id`),
  ADD KEY `fk_pcd_drug` (`drug_id`);

--
-- Indexes for table `users`
--
ALTER TABLE `users`
  ADD PRIMARY KEY (`id`),
  ADD UNIQUE KEY `email` (`email`);

--
-- AUTO_INCREMENT for dumped tables
--

--
-- AUTO_INCREMENT for table `adjudication`
--
ALTER TABLE `adjudication`
  MODIFY `id` int NOT NULL AUTO_INCREMENT, AUTO_INCREMENT=11;

--
-- AUTO_INCREMENT for table `audit_log`
--
ALTER TABLE `audit_log`
  MODIFY `id` bigint NOT NULL AUTO_INCREMENT;

--
-- AUTO_INCREMENT for table `case_event`
--
ALTER TABLE `case_event`
  MODIFY `id` int NOT NULL AUTO_INCREMENT, AUTO_INCREMENT=156;

--
-- AUTO_INCREMENT for table `consensus`
--
ALTER TABLE `consensus`
  MODIFY `id` int NOT NULL AUTO_INCREMENT;

--
-- AUTO_INCREMENT for table `dictionary_event`
--
ALTER TABLE `dictionary_event`
  MODIFY `id` int NOT NULL AUTO_INCREMENT, AUTO_INCREMENT=98;

--
-- AUTO_INCREMENT for table `drugs`
--
ALTER TABLE `drugs`
  MODIFY `id` int NOT NULL AUTO_INCREMENT, AUTO_INCREMENT=60;

--
-- AUTO_INCREMENT for table `evidence_icd`
--
ALTER TABLE `evidence_icd`
  MODIFY `id` int NOT NULL AUTO_INCREMENT;

--
-- AUTO_INCREMENT for table `evidence_lab`
--
ALTER TABLE `evidence_lab`
  MODIFY `id` int NOT NULL AUTO_INCREMENT;

--
-- AUTO_INCREMENT for table `evidence_note`
--
ALTER TABLE `evidence_note`
  MODIFY `id` int NOT NULL AUTO_INCREMENT;

--
-- AUTO_INCREMENT for table `patients`
--
ALTER TABLE `patients`
  MODIFY `id` int NOT NULL AUTO_INCREMENT, AUTO_INCREMENT=5;

--
-- AUTO_INCREMENT for table `users`
--
ALTER TABLE `users`
  MODIFY `id` int NOT NULL AUTO_INCREMENT, AUTO_INCREMENT=11;

--
-- Constraints for dumped tables
--

--
-- Constraints for table `adjudication`
--
ALTER TABLE `adjudication`
  ADD CONSTRAINT `fk_adj_case` FOREIGN KEY (`case_event_id`) REFERENCES `case_event` (`id`) ON DELETE CASCADE,
  ADD CONSTRAINT `fk_adj_user` FOREIGN KEY (`adjudicator_id`) REFERENCES `users` (`id`) ON DELETE CASCADE;

--
-- Constraints for table `adjudication_drug`
--
ALTER TABLE `adjudication_drug`
  ADD CONSTRAINT `fk_adjdrug_adj` FOREIGN KEY (`adjudication_id`) REFERENCES `adjudication` (`id`) ON DELETE CASCADE,
  ADD CONSTRAINT `fk_adjdrug_drug` FOREIGN KEY (`drug_id`) REFERENCES `drugs` (`id`);

--
-- Constraints for table `case_event`
--
ALTER TABLE `case_event`
  ADD CONSTRAINT `fk_caseevent_event` FOREIGN KEY (`dict_event_id`) REFERENCES `dictionary_event` (`id`) ON DELETE CASCADE,
  ADD CONSTRAINT `fk_caseevent_patient` FOREIGN KEY (`patient_id`) REFERENCES `patients` (`id`) ON DELETE CASCADE;

--
-- Constraints for table `consensus`
--
ALTER TABLE `consensus`
  ADD CONSTRAINT `fk_cons_case` FOREIGN KEY (`case_event_id`) REFERENCES `case_event` (`id`) ON DELETE CASCADE,
  ADD CONSTRAINT `fk_cons_user` FOREIGN KEY (`decided_by`) REFERENCES `users` (`id`);

--
-- Constraints for table `drug_event_map`
--
ALTER TABLE `drug_event_map`
  ADD CONSTRAINT `fk_dem_drug` FOREIGN KEY (`drug_id`) REFERENCES `drugs` (`id`) ON DELETE CASCADE,
  ADD CONSTRAINT `fk_dem_event` FOREIGN KEY (`dict_event_id`) REFERENCES `dictionary_event` (`id`) ON DELETE CASCADE;

--
-- Constraints for table `evidence_icd`
--
ALTER TABLE `evidence_icd`
  ADD CONSTRAINT `fk_eicd_case` FOREIGN KEY (`case_event_id`) REFERENCES `case_event` (`id`) ON DELETE CASCADE;

--
-- Constraints for table `evidence_lab`
--
ALTER TABLE `evidence_lab`
  ADD CONSTRAINT `fk_elab_case` FOREIGN KEY (`case_event_id`) REFERENCES `case_event` (`id`) ON DELETE CASCADE;

--
-- Constraints for table `evidence_note`
--
ALTER TABLE `evidence_note`
  ADD CONSTRAINT `fk_enote_case` FOREIGN KEY (`case_event_id`) REFERENCES `case_event` (`id`) ON DELETE CASCADE;

--
-- Constraints for table `patients`
--
ALTER TABLE `patients`
  ADD CONSTRAINT `fk_patients_drug` FOREIGN KEY (`index_drug_id`) REFERENCES `drugs` (`id`),
  ADD CONSTRAINT `fk_patients_user` FOREIGN KEY (`created_by`) REFERENCES `users` (`id`);

--
-- Constraints for table `patient_concomitant_drug`
--
ALTER TABLE `patient_concomitant_drug`
  ADD CONSTRAINT `fk_pcd_drug` FOREIGN KEY (`drug_id`) REFERENCES `drugs` (`id`) ON DELETE CASCADE,
  ADD CONSTRAINT `fk_pcd_patient` FOREIGN KEY (`patient_id`) REFERENCES `patients` (`id`) ON DELETE CASCADE;
COMMIT;

/*!40101 SET CHARACTER_SET_CLIENT=@OLD_CHARACTER_SET_CLIENT */;
/*!40101 SET CHARACTER_SET_RESULTS=@OLD_CHARACTER_SET_RESULTS */;
/*!40101 SET COLLATION_CONNECTION=@OLD_COLLATION_CONNECTION */;
